DateTime,Open,High,Low,Close,Volume
4/1/2021 9:30,323.085,323.695,322.815,323.425,0
4/1/2021 9:35,323.425,323.995,323.305,323.985,0
4/1/2021 9:40,323.985,324.085,323.695,323.765,0
4/1/2021 9:45,323.765,324.095,323.735,323.805,0
4/1/2021 9:50,323.805,324.255,323.795,324.005,0
4/1/2021 9:55,324.005,324.125,323.855,324.01,0
4/1/2021 10:00,324.01,324.23,323.365,323.465,0
4/1/2021 10:05,323.465,324.475,323.275,324.345,0
4/1/2021 10:10,324.345,324.565,324.28,324.395,0
4/1/2021 10:15,324.395,324.655,324.345,324.46,0
4/1/2021 10:20,324.46,324.555,324.215,324.3,0
4/1/2021 10:25,324.3,324.475,324.105,324.375,0
4/1/2021 10:30,324.375,324.565,324.22,324.405,0
4/1/2021 10:35,324.405,324.625,324.015,324.055,0
4/1/2021 10:40,324.055,324.705,323.975,324.525,0
4/1/2021 10:45,324.525,324.575,324.215,324.265,0
4/1/2021 10:50,324.265,324.425,323.875,323.985,0
4/1/2021 10:55,323.985,324.32,323.825,324.285,0
4/1/2021 11:00,324.285,324.535,324.235,324.465,0
4/1/2021 11:05,324.465,324.475,323.845,324.04,0
4/1/2021 11:10,324.04,324.135,323.755,323.805,0
4/1/2021 11:15,323.805,323.905,323.475,323.665,0
4/1/2021 11:20,323.665,324.185,323.625,323.755,0
4/1/2021 11:25,323.755,324.025,323.655,323.945,0
4/1/2021 11:30,323.945,324.155,323.745,323.765,0
4/1/2021 11:35,323.765,323.865,323.525,323.565,0
4/1/2021 11:40,323.565,323.725,323.315,323.615,0
4/1/2021 11:45,323.615,323.91,323.375,323.805,0
4/1/2021 11:50,323.805,323.835,323.585,323.635,0
4/1/2021 11:55,323.635,323.935,323.555,323.605,0
4/1/2021 12:00,323.605,323.995,323.45,323.875,0
4/1/2021 12:05,323.875,324.055,323.825,323.925,0
4/1/2021 12:10,323.925,323.925,323.655,323.785,0
4/1/2021 12:15,323.785,324.075,323.605,324.03,0
4/1/2021 12:20,324.03,324.065,323.875,323.925,0
4/1/2021 12:25,323.925,324.165,323.9,324.135,0
4/1/2021 12:30,324.135,324.195,323.935,323.945,0
4/1/2021 12:35,323.945,323.985,323.785,323.925,0
4/1/2021 12:40,323.925,324.115,323.815,324.115,0
4/1/2021 12:45,324.115,324.245,323.795,323.795,0
4/1/2021 12:50,323.795,323.955,323.625,323.875,0
4/1/2021 12:55,323.875,324.115,323.865,324.095,0
4/1/2021 13:00,324.095,324.255,323.935,323.975,0
4/1/2021 13:05,323.975,324.005,323.695,323.715,0
4/1/2021 13:10,323.715,323.785,323.625,323.775,0
4/1/2021 13:15,323.775,323.845,323.395,323.485,0
4/1/2021 13:20,323.485,323.735,323.455,323.455,0
4/1/2021 13:25,323.455,323.565,323.215,323.265,0
4/1/2021 13:30,323.265,323.565,323.225,323.525,0
4/1/2021 13:35,323.525,323.775,323.465,323.765,0
4/1/2021 13:40,323.765,323.895,323.715,323.885,0
4/1/2021 13:45,323.885,323.955,323.545,323.615,0
4/1/2021 13:50,323.615,323.885,323.575,323.745,0
4/1/2021 13:55,323.745,323.855,323.695,323.735,0
4/1/2021 14:00,323.735,323.845,323.645,323.835,0
4/1/2021 14:05,323.835,323.915,323.645,323.655,0
4/1/2021 14:10,323.655,324.045,323.58,324.005,0
4/1/2021 14:15,324.005,324.005,323.855,323.965,0
4/1/2021 14:20,323.965,324.105,323.95,324.105,0
4/1/2021 14:25,324.105,324.185,324.025,324.145,0
4/1/2021 14:30,324.145,324.245,324.095,324.125,0
4/1/2021 14:35,324.125,324.225,324.035,324.165,0
4/1/2021 14:40,324.165,324.245,324.105,324.235,0
4/1/2021 14:45,324.235,324.315,324.045,324.225,0
4/1/2021 14:50,324.225,324.385,324.175,324.335,0
4/1/2021 14:55,324.335,324.395,324.215,324.225,0
4/1/2021 15:00,324.225,324.295,323.975,324.055,0
4/1/2021 15:05,324.055,324.115,323.765,324.115,0
4/1/2021 15:10,324.115,324.155,323.815,323.855,0
4/1/2021 15:15,323.855,324.015,323.745,323.865,0
4/1/2021 15:20,323.865,323.905,323.625,323.685,0
4/1/2021 15:25,323.685,323.865,323.685,323.855,0
4/1/2021 15:30,323.855,324.205,323.835,324.155,0
4/1/2021 15:35,324.155,324.175,323.875,323.995,0
4/1/2021 15:40,323.995,324.115,323.935,324.045,0
4/1/2021 15:45,324.045,324.395,324.035,324.305,0
4/1/2021 15:50,324.305,324.515,324.165,324.515,0
4/1/2021 15:55,324.515,324.67,324.335,324.555,0
4/5/2021 9:30,327.135,327.67,326.87,327.525,0
4/5/2021 9:35,327.525,327.745,327.175,327.545,0
4/5/2021 9:40,327.545,327.765,327.395,327.615,0
4/5/2021 9:45,327.615,328.565,327.615,328.535,0
4/5/2021 9:50,328.535,328.74,328.435,328.505,0
4/5/2021 9:55,328.505,328.665,328.385,328.52,0
4/5/2021 10:00,328.52,328.725,328.06,328.665,0
4/5/2021 10:05,328.665,328.965,328.425,328.865,0
4/5/2021 10:10,328.865,329.035,328.735,328.815,0
4/5/2021 10:15,328.815,329.225,328.815,329.175,0
4/5/2021 10:20,329.175,329.505,329.155,329.335,0
4/5/2021 10:25,329.335,329.505,329.255,329.435,0
4/5/2021 10:30,329.435,329.705,329.375,329.655,0
4/5/2021 10:35,329.655,329.865,329.535,329.825,0
4/5/2021 10:40,329.825,329.945,329.685,329.925,0
4/5/2021 10:45,329.925,329.995,329.745,329.915,0
4/5/2021 10:50,329.915,329.915,329.555,329.575,0
4/5/2021 10:55,329.575,329.765,329.365,329.455,0
4/5/2021 11:00,329.455,329.595,329.255,329.565,0
4/5/2021 11:05,329.565,329.675,329.355,329.485,0
4/5/2021 11:10,329.485,329.765,329.47,329.655,0
4/5/2021 11:15,329.655,329.925,329.595,329.755,0
4/5/2021 11:20,329.755,329.825,329.625,329.685,0
4/5/2021 11:25,329.685,329.845,329.65,329.695,0
4/5/2021 11:30,329.695,330.195,329.575,330.165,0
4/5/2021 11:35,330.165,330.475,330.115,330.365,0
4/5/2021 11:40,330.365,330.47,330.175,330.205,0
4/5/2021 11:45,330.205,330.245,330.04,330.12,0
4/5/2021 11:50,330.12,330.205,330.015,330.145,0
4/5/2021 11:55,330.145,330.295,329.975,330.055,0
4/5/2021 12:00,330.055,330.305,330.05,330.265,0
4/5/2021 12:05,330.265,330.345,330.135,330.235,0
4/5/2021 12:10,330.235,330.355,330.205,330.325,0
4/5/2021 12:15,330.325,330.625,330.225,330.545,0
4/5/2021 12:20,330.545,330.815,330.535,330.685,0
4/5/2021 12:25,330.685,330.815,330.635,330.675,0
4/5/2021 12:30,330.675,330.915,330.675,330.905,0
4/5/2021 12:35,330.905,331.025,330.815,330.835,0
4/5/2021 12:40,330.835,330.945,330.765,330.85,0
4/5/2021 12:45,330.85,330.955,330.785,330.875,0
4/5/2021 12:50,330.875,330.935,330.625,330.625,0
4/5/2021 12:55,330.625,330.795,330.525,330.765,0
4/5/2021 13:00,330.765,330.895,330.715,330.855,0
4/5/2021 13:05,330.855,330.975,330.795,330.885,0
4/5/2021 13:10,330.885,330.935,330.835,330.895,0
4/5/2021 13:15,330.895,331.215,330.735,331.17,0
4/5/2021 13:20,331.17,331.195,330.965,330.99,0
4/5/2021 13:25,330.99,331.135,330.945,331.02,0
4/5/2021 13:30,331.02,331.165,330.985,331.025,0
4/5/2021 13:35,331.025,331.115,330.905,330.905,0
4/5/2021 13:40,330.905,331.105,330.825,331,0
4/5/2021 13:45,331,331.095,330.895,331.075,0
4/5/2021 13:50,331.075,331.335,331.045,331.335,0
4/5/2021 13:55,331.335,331.485,331.325,331.455,0
4/5/2021 14:00,331.455,331.685,331.44,331.505,0
4/5/2021 14:05,331.505,331.655,331.485,331.615,0
4/5/2021 14:10,331.615,331.645,331.515,331.575,0
4/5/2021 14:15,331.575,331.575,331.435,331.465,0
4/5/2021 14:20,331.465,331.505,331.345,331.395,0
4/5/2021 14:25,331.395,331.455,331.295,331.375,0
4/5/2021 14:30,331.375,331.585,331.365,331.525,0
4/5/2021 14:35,331.525,331.635,331.435,331.635,0
4/5/2021 14:40,331.635,331.845,331.425,331.535,0
4/5/2021 14:45,331.535,331.575,331.335,331.485,0
4/5/2021 14:50,331.485,331.595,331.355,331.415,0
4/5/2021 14:55,331.415,331.525,331.375,331.445,0
4/5/2021 15:00,331.445,331.525,330.995,331.035,0
4/5/2021 15:05,331.035,331.075,330.785,330.98,0
4/5/2021 15:10,330.98,331.145,330.945,331.115,0
4/5/2021 15:15,331.115,331.415,331.035,331.415,0
4/5/2021 15:20,331.415,331.495,331.195,331.215,0
4/5/2021 15:25,331.215,331.225,330.875,330.975,0
4/5/2021 15:30,330.975,331.005,330.625,330.735,0
4/5/2021 15:35,330.735,331.125,330.715,331.085,0
4/5/2021 15:40,331.085,331.105,330.695,330.915,0
4/5/2021 15:45,330.915,331.465,330.795,331.185,0
4/5/2021 15:50,331.185,331.605,330.745,331.505,0
4/5/2021 15:55,331.505,331.535,331.005,331.075,0
4/6/2021 9:30,330.745,330.885,330.335,330.35,0
4/6/2021 9:35,330.35,330.965,330.015,330.705,0
4/6/2021 9:40,330.705,331.155,330.445,331.085,0
4/6/2021 9:45,331.085,331.245,330.715,330.785,0
4/6/2021 9:50,330.785,331.305,330.525,331.265,0
4/6/2021 9:55,331.265,331.445,331.195,331.435,0
4/6/2021 10:00,331.435,331.815,331.335,331.635,0
4/6/2021 10:05,331.635,331.755,331.425,331.485,0
4/6/2021 10:10,331.485,331.495,330.955,331.185,0
4/6/2021 10:15,331.185,331.375,330.84,331.155,0
4/6/2021 10:20,331.155,331.345,330.955,331.275,0
4/6/2021 10:25,331.275,331.675,331.205,331.235,0
4/6/2021 10:30,331.235,331.355,330.765,330.895,0
4/6/2021 10:35,330.895,331.005,330.645,331,0
4/6/2021 10:40,331,331.225,330.895,331.145,0
4/6/2021 10:45,331.145,331.485,331.105,331.43,0
4/6/2021 10:50,331.43,331.875,331.355,331.785,0
4/6/2021 10:55,331.785,331.955,331.615,331.665,0
4/6/2021 11:00,331.665,331.885,331.445,331.545,0
4/6/2021 11:05,331.545,331.905,331.355,331.875,0
4/6/2021 11:10,331.875,332.435,331.815,332.435,0
4/6/2021 11:15,332.435,332.62,332.195,332.265,0
4/6/2021 11:20,332.265,332.435,332.235,332.285,0
4/6/2021 11:25,332.285,332.415,332.205,332.295,0
4/6/2021 11:30,332.295,332.385,332.055,332.105,0
4/6/2021 11:35,332.105,332.405,332.095,332.315,0
4/6/2021 11:40,332.315,332.56,332.205,332.545,0
4/6/2021 11:45,332.545,332.655,332.415,332.455,0
4/6/2021 11:50,332.455,332.635,332.38,332.595,0
4/6/2021 11:55,332.595,332.82,332.445,332.755,0
4/6/2021 12:00,332.755,332.785,332.345,332.395,0
4/6/2021 12:05,332.395,332.495,332.195,332.415,0
4/6/2021 12:10,332.415,332.485,332.255,332.295,0
4/6/2021 12:15,332.295,332.365,332.135,332.165,0
4/6/2021 12:20,332.165,332.345,332.095,332.195,0
4/6/2021 12:25,332.195,332.255,331.865,331.865,0
4/6/2021 12:30,331.865,332.175,331.845,332.105,0
4/6/2021 12:35,332.105,332.135,331.885,331.955,0
4/6/2021 12:40,331.955,332.185,331.895,332.165,0
4/6/2021 12:45,332.165,332.255,331.945,332.025,0
4/6/2021 12:50,332.025,332.065,331.775,331.985,0
4/6/2021 12:55,331.985,332.075,331.805,331.875,0
4/6/2021 13:00,331.875,331.945,331.365,331.475,0
4/6/2021 13:05,331.475,331.475,331.045,331.055,0
4/6/2021 13:10,331.055,331.265,330.885,331.205,0
4/6/2021 13:15,331.205,331.245,330.825,330.84,0
4/6/2021 13:20,330.84,330.895,330.505,330.565,0
4/6/2021 13:25,330.565,330.645,330.185,330.42,0
4/6/2021 13:30,330.42,330.805,330.245,330.715,0
4/6/2021 13:35,330.715,330.995,330.665,330.985,0
4/6/2021 13:40,330.985,331.155,330.895,331.095,0
4/6/2021 13:45,331.095,331.225,331.045,331.055,0
4/6/2021 13:50,331.055,331.285,330.945,331.255,0
4/6/2021 13:55,331.255,331.315,331.135,331.315,0
4/6/2021 14:00,331.315,331.475,331.165,331.455,0
4/6/2021 14:05,331.455,331.505,331.335,331.405,0
4/6/2021 14:10,331.405,331.665,331.405,331.565,0
4/6/2021 14:15,331.565,331.595,331.405,331.515,0
4/6/2021 14:20,331.515,331.705,331.465,331.705,0
4/6/2021 14:25,331.705,331.735,331.595,331.665,0
4/6/2021 14:30,331.665,331.735,331.395,331.425,0
4/6/2021 14:35,331.425,331.435,331.115,331.405,0
4/6/2021 14:40,331.405,331.905,331.395,331.735,0
4/6/2021 14:45,331.735,331.855,331.665,331.735,0
4/6/2021 14:50,331.735,331.735,331.33,331.575,0
4/6/2021 14:55,331.575,331.855,331.495,331.64,0
4/6/2021 15:00,331.64,331.775,331.045,331.105,0
4/6/2021 15:05,331.105,331.255,330.88,330.985,0
4/6/2021 15:10,330.985,331.255,330.975,331.195,0
4/6/2021 15:15,331.195,331.515,331.005,331.505,0
4/6/2021 15:20,331.505,331.755,331.415,331.675,0
4/6/2021 15:25,331.675,331.685,331.345,331.465,0
4/6/2021 15:30,331.465,331.565,331.125,331.155,0
4/6/2021 15:35,331.155,331.275,330.895,330.925,0
4/6/2021 15:40,330.925,331.035,330.775,330.795,0
4/6/2021 15:45,330.795,331.005,330.665,330.875,0
4/6/2021 15:50,330.875,330.875,330.165,330.265,0
4/6/2021 15:55,330.265,330.835,330.165,330.785,0
4/7/2021 9:30,330.34,330.52,329.36,329.57,0
4/7/2021 9:35,329.57,329.945,329.435,329.675,0
4/7/2021 9:40,329.675,330.465,329.605,330.43,0
4/7/2021 9:45,330.43,330.865,330.425,330.785,0
4/7/2021 9:50,330.785,331.055,330.705,330.905,0
4/7/2021 9:55,330.905,331.115,330.785,330.925,0
4/7/2021 10:00,330.925,331.385,330.685,331.325,0
4/7/2021 10:05,331.325,331.505,331.125,331.305,0
4/7/2021 10:10,331.305,331.765,331.275,331.625,0
4/7/2021 10:15,331.625,331.875,331.365,331.785,0
4/7/2021 10:20,331.785,331.915,331.655,331.775,0
4/7/2021 10:25,331.775,331.91,331.645,331.895,0
4/7/2021 10:30,331.895,331.995,331.595,331.695,0
4/7/2021 10:35,331.695,331.87,331.605,331.625,0
4/7/2021 10:40,331.625,331.845,331.495,331.785,0
4/7/2021 10:45,331.785,331.915,331.615,331.735,0
4/7/2021 10:50,331.735,331.745,331.295,331.545,0
4/7/2021 10:55,331.545,331.645,331.435,331.535,0
4/7/2021 11:00,331.535,332.085,331.525,331.845,0
4/7/2021 11:05,331.845,332.235,331.835,332.065,0
4/7/2021 11:10,332.065,332.245,332.025,332.105,0
4/7/2021 11:15,332.105,332.205,332.005,332.125,0
4/7/2021 11:20,332.125,332.23,331.755,331.77,0
4/7/2021 11:25,331.77,331.825,331.305,331.375,0
4/7/2021 11:30,331.375,331.395,331.095,331.265,0
4/7/2021 11:35,331.265,331.435,330.765,330.775,0
4/7/2021 11:40,330.775,330.945,330.615,330.895,0
4/7/2021 11:45,330.895,331.325,330.795,331.15,0
4/7/2021 11:50,331.15,331.395,331.145,331.285,0
4/7/2021 11:55,331.285,331.545,330.96,331.465,0
4/7/2021 12:00,331.465,331.735,331.455,331.535,0
4/7/2021 12:05,331.535,331.685,331.425,331.635,0
4/7/2021 12:10,331.635,331.645,331.315,331.395,0
4/7/2021 12:15,331.395,331.415,330.695,330.775,0
4/7/2021 12:20,330.775,331.25,330.665,331.225,0
4/7/2021 12:25,331.225,331.265,330.675,330.685,0
4/7/2021 12:30,330.685,331.095,330.555,331.005,0
4/7/2021 12:35,331.005,331.315,330.915,331.185,0
4/7/2021 12:40,331.185,331.195,330.945,331.005,0
4/7/2021 12:45,331.005,331.195,330.915,331.05,0
4/7/2021 12:50,331.05,331.255,330.945,331.005,0
4/7/2021 12:55,331.005,331.035,330.85,330.9,0
4/7/2021 13:00,330.9,331.105,330.645,330.925,0
4/7/2021 13:05,330.925,331.235,330.755,330.865,0
4/7/2021 13:10,330.865,331.075,330.805,331.015,0
4/7/2021 13:15,331.015,331.195,330.84,330.955,0
4/7/2021 13:20,330.955,331.035,330.745,330.745,0
4/7/2021 13:25,330.745,330.975,330.735,330.845,0
4/7/2021 13:30,330.845,331.165,330.755,331.155,0
4/7/2021 13:35,331.155,331.385,331.125,331.355,0
4/7/2021 13:40,331.355,331.385,331.215,331.345,0
4/7/2021 13:45,331.345,331.395,331.275,331.305,0
4/7/2021 13:50,331.305,331.465,331.205,331.405,0
4/7/2021 13:55,331.405,331.525,331.325,331.395,0
4/7/2021 14:00,331.395,331.895,331.37,331.72,0
4/7/2021 14:05,331.72,332.095,331.655,331.995,0
4/7/2021 14:10,331.995,332.385,331.995,332.355,0
4/7/2021 14:15,332.355,332.485,332.345,332.445,0
4/7/2021 14:20,332.445,332.445,332.155,332.295,0
4/7/2021 14:25,332.295,332.305,331.935,332.165,0
4/7/2021 14:30,332.165,332.295,332.055,332.125,0
4/7/2021 14:35,332.125,332.195,331.975,332.115,0
4/7/2021 14:40,332.115,332.215,332.035,332.105,0
4/7/2021 14:45,332.105,332.285,332.075,332.215,0
4/7/2021 14:50,332.215,332.405,332.105,332.165,0
4/7/2021 14:55,332.165,332.18,331.795,331.895,0
4/7/2021 15:00,331.895,332.32,331.875,332.295,0
4/7/2021 15:05,332.295,332.345,331.825,331.875,0
4/7/2021 15:10,331.875,331.935,331.535,331.615,0
4/7/2021 15:15,331.615,331.675,331.435,331.525,0
4/7/2021 15:20,331.525,331.755,331.435,331.455,0
4/7/2021 15:25,331.455,331.455,330.985,331.195,0
4/7/2021 15:30,331.195,331.215,330.875,330.945,0
4/7/2021 15:35,330.945,331.375,330.835,331.335,0
4/7/2021 15:40,331.335,331.455,331.245,331.435,0
4/7/2021 15:45,331.435,331.805,331.435,331.795,0
4/7/2021 15:50,331.795,331.835,331.205,331.425,0
4/7/2021 15:55,331.425,331.68,331.355,331.615,0
4/8/2021 9:30,334.58,334.925,334.205,334.74,0
4/8/2021 9:35,334.74,335.07,334.585,334.69,0
4/8/2021 9:40,334.69,334.855,334.345,334.595,0
4/8/2021 9:45,334.595,334.915,334.055,334.16,0
4/8/2021 9:50,334.16,334.875,334.13,334.66,0
4/8/2021 9:55,334.66,335.225,334.525,335.145,0
4/8/2021 10:00,335.145,335.265,334.725,334.835,0
4/8/2021 10:05,334.835,334.835,334.215,334.225,0
4/8/2021 10:10,334.225,334.425,333.725,334.015,0
4/8/2021 10:15,334.015,334.405,333.815,333.955,0
4/8/2021 10:20,333.955,334.505,333.77,334.375,0
4/8/2021 10:25,334.375,334.595,333.855,334.08,0
4/8/2021 10:30,334.08,334.545,334.005,334.435,0
4/8/2021 10:35,334.435,334.585,334.205,334.435,0
4/8/2021 10:40,334.435,334.875,334.355,334.85,0
4/8/2021 10:45,334.85,334.89,334.405,334.52,0
4/8/2021 10:50,334.52,334.555,334.065,334.185,0
4/8/2021 10:55,334.185,334.52,334.125,334.405,0
4/8/2021 11:00,334.405,334.62,333.975,334.365,0
4/8/2021 11:05,334.365,334.495,334.105,334.27,0
4/8/2021 11:10,334.27,334.365,334.085,334.205,0
4/8/2021 11:15,334.205,334.385,333.835,334.135,0
4/8/2021 11:20,334.135,334.685,334.11,334.665,0
4/8/2021 11:25,334.665,334.725,334.545,334.615,0
4/8/2021 11:30,334.615,334.805,334.415,334.445,0
4/8/2021 11:35,334.445,334.645,334.44,334.545,0
4/8/2021 11:40,334.545,334.655,334.46,334.515,0
4/8/2021 11:45,334.515,334.815,334.365,334.755,0
4/8/2021 11:50,334.755,334.83,334.625,334.76,0
4/8/2021 11:55,334.76,334.775,334.655,334.71,0
4/8/2021 12:00,334.71,334.765,334.515,334.705,0
4/8/2021 12:05,334.705,334.745,334.515,334.645,0
4/8/2021 12:10,334.645,334.685,334.405,334.655,0
4/8/2021 12:15,334.655,335.055,334.635,334.945,0
4/8/2021 12:20,334.945,334.995,334.575,334.775,0
4/8/2021 12:25,334.775,334.825,334.655,334.715,0
4/8/2021 12:30,334.715,334.885,334.695,334.72,0
4/8/2021 12:35,334.72,334.845,334.645,334.745,0
4/8/2021 12:40,334.745,334.755,334.485,334.665,0
4/8/2021 12:45,334.665,334.755,334.275,334.295,0
4/8/2021 12:50,334.295,334.565,334.265,334.535,0
4/8/2021 12:55,334.535,334.635,334.465,334.535,0
4/8/2021 13:00,334.535,334.805,334.495,334.795,0
4/8/2021 13:05,334.795,334.845,334.615,334.645,0
4/8/2021 13:10,334.645,334.725,334.515,334.545,0
4/8/2021 13:15,334.545,334.755,334.475,334.605,0
4/8/2021 13:20,334.605,334.635,334.33,334.44,0
4/8/2021 13:25,334.44,334.585,334.405,334.575,0
4/8/2021 13:30,334.575,334.875,334.575,334.79,0
4/8/2021 13:35,334.79,334.805,334.605,334.63,0
4/8/2021 13:40,334.63,334.675,334.375,334.395,0
4/8/2021 13:45,334.395,334.535,334.375,334.455,0
4/8/2021 13:50,334.455,334.555,334.405,334.525,0
4/8/2021 13:55,334.525,334.685,334.525,334.665,0
4/8/2021 14:00,334.665,334.825,334.585,334.805,0
4/8/2021 14:05,334.805,334.845,334.665,334.775,0
4/8/2021 14:10,334.775,334.915,334.725,334.835,0
4/8/2021 14:15,334.835,334.945,334.775,334.915,0
4/8/2021 14:20,334.915,335.005,334.845,334.93,0
4/8/2021 14:25,334.93,335.145,334.845,335.045,0
4/8/2021 14:30,335.045,335.065,334.885,334.935,0
4/8/2021 14:35,334.935,334.985,334.825,334.945,0
4/8/2021 14:40,334.945,335.055,334.905,334.995,0
4/8/2021 14:45,334.995,335.015,334.845,334.955,0
4/8/2021 14:50,334.955,334.955,334.665,334.785,0
4/8/2021 14:55,334.785,334.845,334.685,334.775,0
4/8/2021 15:00,334.775,334.805,334.675,334.765,0
4/8/2021 15:05,334.765,334.935,334.695,334.855,0
4/8/2021 15:10,334.855,334.865,334.575,334.725,0
4/8/2021 15:15,334.725,334.965,334.715,334.905,0
4/8/2021 15:20,334.905,334.985,334.665,334.665,0
4/8/2021 15:25,334.665,334.795,334.575,334.635,0
4/8/2021 15:30,334.635,334.765,334.595,334.635,0
4/8/2021 15:35,334.635,334.835,334.635,334.815,0
4/8/2021 15:40,334.815,334.965,334.735,334.855,0
4/8/2021 15:45,334.855,334.895,334.635,334.725,0
4/8/2021 15:50,334.725,334.915,334.575,334.905,0
4/8/2021 15:55,334.905,335.19,334.705,335.13,0
4/9/2021 9:30,333.665,333.925,333.405,333.49,0
4/9/2021 9:35,333.49,333.675,333.035,333.325,0
4/9/2021 9:40,333.325,333.995,332.92,333.985,0
4/9/2021 9:45,333.985,334.22,333.765,334.165,0
4/9/2021 9:50,334.165,334.305,333.905,334.14,0
4/9/2021 9:55,334.14,334.615,334.09,334.435,0
4/9/2021 10:00,334.435,334.905,334.435,334.725,0
4/9/2021 10:05,334.725,334.875,334.575,334.815,0
4/9/2021 10:10,334.815,335.075,334.725,334.73,0
4/9/2021 10:15,334.73,334.955,334.675,334.875,0
4/9/2021 10:20,334.875,335.075,334.665,334.73,0
4/9/2021 10:25,334.73,334.855,334.275,334.385,0
4/9/2021 10:30,334.385,334.595,334.125,334.54,0
4/9/2021 10:35,334.54,334.885,334.405,334.465,0
4/9/2021 10:40,334.465,334.675,334.22,334.295,0
4/9/2021 10:45,334.295,334.635,334.175,334.585,0
4/9/2021 10:50,334.585,334.655,334.225,334.475,0
4/9/2021 10:55,334.475,334.565,334.015,334.185,0
4/9/2021 11:00,334.185,334.535,333.825,333.97,0
4/9/2021 11:05,333.97,334.315,333.855,334.305,0
4/9/2021 11:10,334.305,334.685,334.125,334.635,0
4/9/2021 11:15,334.635,334.765,334.555,334.635,0
4/9/2021 11:20,334.635,334.835,334.505,334.655,0
4/9/2021 11:25,334.655,334.725,334.515,334.515,0
4/9/2021 11:30,334.515,334.985,334.385,334.96,0
4/9/2021 11:35,334.96,334.985,334.755,334.925,0
4/9/2021 11:40,334.925,335.205,334.915,335.035,0
4/9/2021 11:45,335.035,335.175,334.915,335.055,0
4/9/2021 11:50,335.055,335.505,335.055,335.495,0
4/9/2021 11:55,335.495,335.655,335.425,335.54,0
4/9/2021 12:00,335.54,335.795,335.505,335.775,0
4/9/2021 12:05,335.775,335.825,335.575,335.595,0
4/9/2021 12:10,335.595,335.595,335.295,335.365,0
4/9/2021 12:15,335.365,335.465,335.185,335.365,0
4/9/2021 12:20,335.365,335.655,335.305,335.585,0
4/9/2021 12:25,335.585,335.605,335.385,335.395,0
4/9/2021 12:30,335.395,335.485,335.315,335.415,0
4/9/2021 12:35,335.415,335.515,335.295,335.395,0
4/9/2021 12:40,335.395,335.475,335.265,335.345,0
4/9/2021 12:45,335.345,335.545,335.255,335.3,0
4/9/2021 12:50,335.3,335.485,335.255,335.485,0
4/9/2021 12:55,335.485,335.705,335.445,335.69,0
4/9/2021 13:00,335.69,335.795,335.555,335.575,0
4/9/2021 13:05,335.575,335.685,335.505,335.565,0
4/9/2021 13:10,335.565,335.685,335.485,335.535,0
4/9/2021 13:15,335.535,335.785,335.535,335.735,0
4/9/2021 13:20,335.735,335.875,335.65,335.705,0
4/9/2021 13:25,335.705,335.765,335.605,335.715,0
4/9/2021 13:30,335.715,336.07,335.675,336.045,0
4/9/2021 13:35,336.045,336.095,335.955,336.065,0
4/9/2021 13:40,336.065,336.125,335.955,335.985,0
4/9/2021 13:45,335.985,336.095,335.935,336.025,0
4/9/2021 13:50,336.025,336.095,335.9,335.93,0
4/9/2021 13:55,335.93,336.005,335.835,335.915,0
4/9/2021 14:00,335.915,336.145,335.835,336.105,0
4/9/2021 14:05,336.105,336.155,335.995,336.025,0
4/9/2021 14:10,336.025,336.035,335.865,335.98,0
4/9/2021 14:15,335.98,336.055,335.915,336.025,0
4/9/2021 14:20,336.025,336.045,335.805,335.855,0
4/9/2021 14:25,335.855,335.945,335.675,335.725,0
4/9/2021 14:30,335.725,335.775,335.495,335.755,0
4/9/2021 14:35,335.755,335.765,335.625,335.765,0
4/9/2021 14:40,335.765,335.855,335.605,335.625,0
4/9/2021 14:45,335.625,335.765,335.585,335.705,0
4/9/2021 14:50,335.705,335.895,335.635,335.825,0
4/9/2021 14:55,335.825,335.855,335.575,335.695,0
4/9/2021 15:00,335.695,335.745,335.475,335.565,0
4/9/2021 15:05,335.565,335.615,335.315,335.355,0
4/9/2021 15:10,335.355,335.455,335.295,335.385,0
4/9/2021 15:15,335.385,335.645,335.365,335.595,0
4/9/2021 15:20,335.595,336.035,335.555,336.025,0
4/9/2021 15:25,336.025,336.295,335.995,336.295,0
4/9/2021 15:30,336.295,336.495,336.235,336.495,0
4/9/2021 15:35,336.495,336.755,336.495,336.595,0
4/9/2021 15:40,336.595,336.665,336.395,336.445,0
4/9/2021 15:45,336.445,336.715,336.405,336.705,0
4/9/2021 15:50,336.705,337.205,336.705,337.165,0
4/9/2021 15:55,337.165,337.325,336.955,337.095,0
4/12/2021 9:30,336.025,336.295,335.835,336.015,0
4/12/2021 9:35,336.015,336.635,335.895,336.41,0
4/12/2021 9:40,336.41,336.575,336.035,336.115,0
4/12/2021 9:45,336.115,336.305,335.425,335.505,0
4/12/2021 9:50,335.505,335.505,335.005,335.325,0
4/12/2021 9:55,335.325,335.625,335.11,335.605,0
4/12/2021 10:00,335.605,336.195,335.585,336.07,0
4/12/2021 10:05,336.07,336.255,335.995,336.035,0
4/12/2021 10:10,336.035,336.215,335.895,336.025,0
4/12/2021 10:15,336.025,336.455,335.975,336.375,0
4/12/2021 10:20,336.375,336.525,336.175,336.305,0
4/12/2021 10:25,336.305,336.385,335.705,335.865,0
4/12/2021 10:30,335.865,335.935,335.465,335.6,0
4/12/2021 10:35,335.6,335.675,335.175,335.365,0
4/12/2021 10:40,335.365,335.49,334.725,335.025,0
4/12/2021 10:45,335.025,335.655,334.925,335.595,0
4/12/2021 10:50,335.595,335.885,335.545,335.785,0
4/12/2021 10:55,335.785,335.935,335.675,335.715,0
4/12/2021 11:00,335.715,336.095,335.715,336.065,0
4/12/2021 11:05,336.065,336.155,335.935,335.965,0
4/12/2021 11:10,335.965,336.025,335.815,335.965,0
4/12/2021 11:15,335.965,336.095,335.685,336.065,0
4/12/2021 11:20,336.065,336.195,335.77,335.855,0
4/12/2021 11:25,335.855,336.015,335.735,336.005,0
4/12/2021 11:30,336.005,336.085,335.765,335.815,0
4/12/2021 11:35,335.815,335.815,335.465,335.555,0
4/12/2021 11:40,335.555,335.845,335.345,335.795,0
4/12/2021 11:45,335.795,335.845,335.385,335.425,0
4/12/2021 11:50,335.425,335.795,335.285,335.755,0
4/12/2021 11:55,335.755,335.955,335.695,335.955,0
4/12/2021 12:00,335.955,336.125,335.905,336.115,0
4/12/2021 12:05,336.115,336.175,335.935,335.945,0
4/12/2021 12:10,335.945,336.025,335.845,335.975,0
4/12/2021 12:15,335.975,336.015,335.465,335.675,0
4/12/2021 12:20,335.675,335.965,335.645,335.86,0
4/12/2021 12:25,335.86,336.405,335.855,336.275,0
4/12/2021 12:30,336.275,336.745,336.255,336.725,0
4/12/2021 12:35,336.725,336.795,336.445,336.565,0
4/12/2021 12:40,336.565,336.7,336.525,336.675,0
4/12/2021 12:45,336.675,336.725,336.525,336.555,0
4/12/2021 12:50,336.555,336.725,336.525,336.665,0
4/12/2021 12:55,336.665,336.845,336.655,336.795,0
4/12/2021 13:00,336.795,337.035,336.795,336.955,0
4/12/2021 13:05,336.955,337.025,336.865,337.005,0
4/12/2021 13:10,337.005,337.095,336.845,336.89,0
4/12/2021 13:15,336.89,336.935,336.605,336.68,0
4/12/2021 13:20,336.68,336.795,336.495,336.505,0
4/12/2021 13:25,336.505,336.705,336.505,336.605,0
4/12/2021 13:30,336.605,336.655,336.375,336.435,0
4/12/2021 13:35,336.435,336.475,336.295,336.34,0
4/12/2021 13:40,336.34,336.375,336.04,336.075,0
4/12/2021 13:45,336.075,336.435,336.065,336.39,0
4/12/2021 13:50,336.39,336.415,336.15,336.255,0
4/12/2021 13:55,336.255,336.33,335.855,335.975,0
4/12/2021 14:00,335.975,336.365,335.89,336.205,0
4/12/2021 14:05,336.205,336.565,336.065,336.465,0
4/12/2021 14:10,336.465,336.595,336.415,336.545,0
4/12/2021 14:15,336.545,336.585,336.355,336.475,0
4/12/2021 14:20,336.475,336.535,336.225,336.295,0
4/12/2021 14:25,336.295,336.495,336.125,336.375,0
4/12/2021 14:30,336.375,336.455,336.195,336.28,0
4/12/2021 14:35,336.28,336.445,336.23,336.32,0
4/12/2021 14:40,336.32,336.355,335.955,336.1,0
4/12/2021 14:45,336.1,336.205,335.99,336.1,0
4/12/2021 14:50,336.1,336.1,335.79,335.87,0
4/12/2021 14:55,335.87,336.015,335.845,335.985,0
4/12/2021 15:00,335.985,335.985,335.615,335.725,0
4/12/2021 15:05,335.725,336.125,335.725,336.02,0
4/12/2021 15:10,336.02,336.125,335.875,335.905,0
4/12/2021 15:15,335.905,336.065,335.735,335.975,0
4/12/2021 15:20,335.975,336.385,335.975,336.345,0
4/12/2021 15:25,336.345,336.365,336.085,336.145,0
4/12/2021 15:30,336.145,336.19,335.915,335.975,0
4/12/2021 15:35,335.975,336.395,335.945,336.345,0
4/12/2021 15:40,336.345,336.715,336.315,336.685,0
4/12/2021 15:45,336.685,336.895,336.635,336.725,0
4/12/2021 15:50,336.725,337.035,336.545,336.615,0
4/12/2021 15:55,336.615,336.705,336.355,336.675,0
4/13/2021 9:30,338.255,338.495,338.015,338.47,0
4/13/2021 9:35,338.47,339.655,338.47,339.605,0
4/13/2021 9:40,339.605,339.775,339.115,339.355,0
4/13/2021 9:45,339.355,339.755,339.145,339.425,0
4/13/2021 9:50,339.425,339.885,339.345,339.855,0
4/13/2021 9:55,339.855,339.945,339.635,339.815,0
4/13/2021 10:00,339.815,339.985,339.43,339.535,0
4/13/2021 10:05,339.535,339.725,339.405,339.715,0
4/13/2021 10:10,339.715,339.825,339.515,339.655,0
4/13/2021 10:15,339.655,339.825,339.17,339.195,0
4/13/2021 10:20,339.195,339.205,338.805,338.925,0
4/13/2021 10:25,338.925,339.425,338.905,339.425,0
4/13/2021 10:30,339.425,339.655,339.395,339.505,0
4/13/2021 10:35,339.505,339.595,339.135,339.355,0
4/13/2021 10:40,339.355,339.685,339.285,339.545,0
4/13/2021 10:45,339.545,339.665,339.365,339.445,0
4/13/2021 10:50,339.445,339.505,339.095,339.125,0
4/13/2021 10:55,339.125,339.385,339.065,339.265,0
4/13/2021 11:00,339.265,339.605,339.075,339.185,0
4/13/2021 11:05,339.185,339.375,339.115,339.265,0
4/13/2021 11:10,339.265,339.285,338.975,339.015,0
4/13/2021 11:15,339.015,339.115,338.755,339.055,0
4/13/2021 11:20,339.055,339.055,338.695,338.89,0
4/13/2021 11:25,338.89,339.075,338.845,339.055,0
4/13/2021 11:30,339.055,339.295,339.055,339.135,0
4/13/2021 11:35,339.135,339.135,338.415,338.855,0
4/13/2021 11:40,338.855,339.175,338.835,339.025,0
4/13/2021 11:45,339.025,339.075,338.695,338.785,0
4/13/2021 11:50,338.785,338.845,338.575,338.645,0
4/13/2021 11:55,338.645,338.945,338.595,338.925,0
4/13/2021 12:00,338.925,339.085,338.835,338.965,0
4/13/2021 12:05,338.965,338.985,338.735,338.895,0
4/13/2021 12:10,338.895,339.185,338.865,339.095,0
4/13/2021 12:15,339.095,339.235,338.955,339.135,0
4/13/2021 12:20,339.135,339.285,339.105,339.17,0
4/13/2021 12:25,339.17,339.215,339.055,339.085,0
4/13/2021 12:30,339.085,339.355,339.075,339.225,0
4/13/2021 12:35,339.225,339.335,339.185,339.255,0
4/13/2021 12:40,339.255,339.275,339.105,339.235,0
4/13/2021 12:45,339.235,339.365,339.105,339.255,0
4/13/2021 12:50,339.255,339.325,339.075,339.09,0
4/13/2021 12:55,339.09,339.09,338.805,338.915,0
4/13/2021 13:00,338.915,339.395,338.895,339.32,0
4/13/2021 13:05,339.32,339.485,339.215,339.365,0
4/13/2021 13:10,339.365,339.475,339.335,339.445,0
4/13/2021 13:15,339.445,339.645,339.405,339.615,0
4/13/2021 13:20,339.615,339.665,339.555,339.645,0
4/13/2021 13:25,339.645,339.715,339.605,339.615,0
4/13/2021 13:30,339.615,339.675,339.535,339.66,0
4/13/2021 13:35,339.66,339.885,339.635,339.785,0
4/13/2021 13:40,339.785,339.985,339.785,339.905,0
4/13/2021 13:45,339.905,339.935,339.825,339.87,0
4/13/2021 13:50,339.87,339.87,339.695,339.79,0
4/13/2021 13:55,339.79,339.845,339.625,339.665,0
4/13/2021 14:00,339.665,339.745,339.515,339.575,0
4/13/2021 14:05,339.575,339.645,339.435,339.555,0
4/13/2021 14:10,339.555,339.785,339.535,339.765,0
4/13/2021 14:15,339.765,339.855,339.595,339.795,0
4/13/2021 14:20,339.795,339.875,339.73,339.855,0
4/13/2021 14:25,339.855,339.895,339.675,339.885,0
4/13/2021 14:30,339.885,340.165,339.845,340.105,0
4/13/2021 14:35,340.105,340.295,340.035,340.085,0
4/13/2021 14:40,340.085,340.235,340.065,340.16,0
4/13/2021 14:45,340.16,340.285,340.115,340.27,0
4/13/2021 14:50,340.27,340.385,340.175,340.355,0
4/13/2021 14:55,340.355,340.555,340.325,340.485,0
4/13/2021 15:00,340.485,340.605,340.405,340.485,0
4/13/2021 15:05,340.485,340.685,340.365,340.655,0
4/13/2021 15:10,340.655,340.905,340.645,340.805,0
4/13/2021 15:15,340.805,340.945,340.785,340.935,0
4/13/2021 15:20,340.935,340.995,340.805,340.895,0
4/13/2021 15:25,340.895,341.075,340.895,341.03,0
4/13/2021 15:30,341.03,341.075,340.725,340.815,0
4/13/2021 15:35,340.815,340.82,340.525,340.545,0
4/13/2021 15:40,340.545,340.725,340.445,340.645,0
4/13/2021 15:45,340.645,340.775,340.585,340.695,0
4/13/2021 15:50,340.695,340.745,340.365,340.665,0
4/13/2021 15:55,340.665,340.735,340.495,340.62,0
4/14/2021 9:30,340.825,340.975,339.865,340.355,0
4/14/2021 9:35,340.355,340.385,340.015,340.235,0
4/14/2021 9:40,340.235,340.605,339.885,340.575,0
4/14/2021 9:45,340.575,340.585,340.275,340.365,0
4/14/2021 9:50,340.365,340.555,340.005,340.135,0
4/14/2021 9:55,340.135,340.635,340.075,340.63,0
4/14/2021 10:00,340.63,340.635,339.755,340.23,0
4/14/2021 10:05,340.23,340.455,339.985,340.425,0
4/14/2021 10:10,340.425,340.485,340.015,340.125,0
4/14/2021 10:15,340.125,340.265,339.775,340.11,0
4/14/2021 10:20,340.11,340.265,339.625,339.8,0
4/14/2021 10:25,339.8,339.835,339.215,339.335,0
4/14/2021 10:30,339.335,340.215,339.325,339.945,0
4/14/2021 10:35,339.945,340.03,339.445,339.455,0
4/14/2021 10:40,339.455,339.745,339.215,339.41,0
4/14/2021 10:45,339.41,340.115,339.385,339.975,0
4/14/2021 10:50,339.975,340.075,339.485,339.575,0
4/14/2021 10:55,339.575,339.795,339.105,339.195,0
4/14/2021 11:00,339.195,339.545,338.785,338.795,0
4/14/2021 11:05,338.795,339.155,338.655,338.93,0
4/14/2021 11:10,338.93,339.005,338.535,338.755,0
4/14/2021 11:15,338.755,338.785,338.255,338.265,0
4/14/2021 11:20,338.265,338.455,337.765,337.965,0
4/14/2021 11:25,337.965,338.335,337.695,338.33,0
4/14/2021 11:30,338.33,338.395,337.995,338.175,0
4/14/2021 11:35,338.175,338.535,338.105,338.475,0
4/14/2021 11:40,338.475,338.725,338.395,338.725,0
4/14/2021 11:45,338.725,338.845,338.605,338.695,0
4/14/2021 11:50,338.695,338.925,338.695,338.785,0
4/14/2021 11:55,338.785,338.975,338.665,338.965,0
4/14/2021 12:00,338.965,339.045,338.365,338.375,0
4/14/2021 12:05,338.375,338.885,338.115,338.715,0
4/14/2021 12:10,338.715,338.875,338.375,338.43,0
4/14/2021 12:15,338.43,338.795,338.295,338.795,0
4/14/2021 12:20,338.795,339.035,338.735,338.81,0
4/14/2021 12:25,338.81,338.945,338.405,338.52,0
4/14/2021 12:30,338.52,338.835,338.495,338.71,0
4/14/2021 12:35,338.71,339.005,338.635,338.975,0
4/14/2021 12:40,338.975,339.215,338.945,339.135,0
4/14/2021 12:45,339.135,339.155,338.955,339.12,0
4/14/2021 12:50,339.12,339.225,339.075,339.1,0
4/14/2021 12:55,339.1,339.165,338.985,339.1,0
4/14/2021 13:00,339.1,339.115,338.615,338.64,0
4/14/2021 13:05,338.64,338.94,338.62,338.805,0
4/14/2021 13:10,338.805,338.965,338.705,338.795,0
4/14/2021 13:15,338.795,338.895,338.635,338.745,0
4/14/2021 13:20,338.745,338.905,338.585,338.79,0
4/14/2021 13:25,338.79,338.815,338.515,338.545,0
4/14/2021 13:30,338.545,338.545,338.045,338.075,0
4/14/2021 13:35,338.075,338.305,337.915,338.265,0
4/14/2021 13:40,338.265,338.295,338.045,338.125,0
4/14/2021 13:45,338.125,338.365,338.055,338.145,0
4/14/2021 13:50,338.145,338.235,337.975,338.14,0
4/14/2021 13:55,338.14,338.225,336.895,337.125,0
4/14/2021 14:00,337.125,337.185,336.565,336.88,0
4/14/2021 14:05,336.88,336.905,335.965,336.225,0
4/14/2021 14:10,336.225,336.925,336.055,336.88,0
4/14/2021 14:15,336.88,337.115,336.735,337.035,0
4/14/2021 14:20,337.035,337.515,336.995,337.495,0
4/14/2021 14:25,337.495,337.805,337.445,337.645,0
4/14/2021 14:30,337.645,337.815,337.355,337.415,0
4/14/2021 14:35,337.415,337.695,337.225,337.415,0
4/14/2021 14:40,337.415,337.76,337.405,337.525,0
4/14/2021 14:45,337.525,337.645,336.96,337.005,0
4/14/2021 14:50,337.005,337.06,336.545,336.595,0
4/14/2021 14:55,336.595,336.905,336.4,336.52,0
4/14/2021 15:00,336.52,336.655,335.98,336.59,0
4/14/2021 15:05,336.59,336.665,335.885,336.02,0
4/14/2021 15:10,336.02,336.715,335.815,336.695,0
4/14/2021 15:15,336.695,337.035,336.585,336.79,0
4/14/2021 15:20,336.79,336.985,336.495,336.905,0
4/14/2021 15:25,336.905,337.195,336.875,337.065,0
4/14/2021 15:30,337.065,337.235,336.745,336.915,0
4/14/2021 15:35,336.915,336.975,336.305,336.465,0
4/14/2021 15:40,336.465,336.56,336.025,336.345,0
4/14/2021 15:45,336.345,336.535,335.93,335.97,0
4/14/2021 15:50,335.97,336.565,335.87,335.95,0
4/14/2021 15:55,335.95,336.515,335.665,336.495,0
4/15/2021 9:30,339.5,340.395,339.325,340.1,0
4/15/2021 9:35,340.1,340.435,340.055,340.425,0
4/15/2021 9:40,340.425,340.655,340.14,340.255,0
4/15/2021 9:45,340.255,340.515,340.065,340.275,0
4/15/2021 9:50,340.275,340.635,340.275,340.425,0
4/15/2021 9:55,340.425,340.535,339.985,340.125,0
4/15/2021 10:00,340.125,340.155,339.605,339.955,0
4/15/2021 10:05,339.955,340.055,339.555,339.845,0
4/15/2021 10:10,339.845,340.455,339.785,340.435,0
4/15/2021 10:15,340.435,340.745,340.355,340.635,0
4/15/2021 10:20,340.635,340.795,340.415,340.505,0
4/15/2021 10:25,340.505,340.935,340.465,340.925,0
4/15/2021 10:30,340.925,341.225,340.925,341.085,0
4/15/2021 10:35,341.085,341.165,340.965,340.985,0
4/15/2021 10:40,340.985,341.225,340.785,341.02,0
4/15/2021 10:45,341.02,341.055,340.745,340.865,0
4/15/2021 10:50,340.865,340.925,340.575,340.915,0
4/15/2021 10:55,340.915,340.935,340.615,340.76,0
4/15/2021 11:00,340.76,341.385,340.705,341.365,0
4/15/2021 11:05,341.365,341.495,341.305,341.325,0
4/15/2021 11:10,341.325,341.385,341.025,341.105,0
4/15/2021 11:15,341.105,341.145,340.935,341,0
4/15/2021 11:20,341,341.065,340.775,340.845,0
4/15/2021 11:25,340.845,340.935,340.405,340.475,0
4/15/2021 11:30,340.475,340.615,340.305,340.435,0
4/15/2021 11:35,340.435,340.52,340.305,340.465,0
4/15/2021 11:40,340.465,340.465,340.175,340.365,0
4/15/2021 11:45,340.365,340.565,340.355,340.485,0
4/15/2021 11:50,340.485,340.535,340.315,340.425,0
4/15/2021 11:55,340.425,340.485,340.025,340.245,0
4/15/2021 12:00,340.245,340.345,339.825,339.86,0
4/15/2021 12:05,339.86,340.305,339.815,340.275,0
4/15/2021 12:10,340.275,340.395,340.155,340.32,0
4/15/2021 12:15,340.32,340.47,340.175,340.335,0
4/15/2021 12:20,340.335,340.735,340.22,340.725,0
4/15/2021 12:25,340.725,340.745,340.615,340.66,0
4/15/2021 12:30,340.66,340.965,340.66,340.945,0
4/15/2021 12:35,340.945,341.185,340.945,341.155,0
4/15/2021 12:40,341.155,341.415,341.115,341.355,0
4/15/2021 12:45,341.355,341.375,341.125,341.195,0
4/15/2021 12:50,341.195,341.375,341.195,341.265,0
4/15/2021 12:55,341.265,341.435,341.245,341.395,0
4/15/2021 13:00,341.395,341.515,341.185,341.28,0
4/15/2021 13:05,341.28,341.305,340.765,340.795,0
4/15/2021 13:10,340.795,340.955,340.705,340.805,0
4/15/2021 13:15,340.805,341.095,340.785,341.065,0
4/15/2021 13:20,341.065,341.28,340.875,341.215,0
4/15/2021 13:25,341.215,341.395,341.205,341.315,0
4/15/2021 13:30,341.315,341.715,341.295,341.565,0
4/15/2021 13:35,341.565,341.615,341.415,341.535,0
4/15/2021 13:40,341.535,341.68,341.445,341.675,0
4/15/2021 13:45,341.675,341.675,341.515,341.565,0
4/15/2021 13:50,341.565,341.595,341.335,341.405,0
4/15/2021 13:55,341.405,341.645,341.385,341.525,0
4/15/2021 14:00,341.525,341.685,341.375,341.685,0
4/15/2021 14:05,341.685,341.775,341.365,341.395,0
4/15/2021 14:10,341.395,341.485,341.145,341.195,0
4/15/2021 14:15,341.195,341.555,341.195,341.395,0
4/15/2021 14:20,341.395,341.485,341.305,341.355,0
4/15/2021 14:25,341.355,341.585,341.345,341.515,0
4/15/2021 14:30,341.515,341.665,341.195,341.395,0
4/15/2021 14:35,341.395,341.585,341.335,341.44,0
4/15/2021 14:40,341.44,341.445,341.155,341.255,0
4/15/2021 14:45,341.255,341.385,340.965,341.115,0
4/15/2021 14:50,341.115,341.295,341.105,341.125,0
4/15/2021 14:55,341.125,341.295,341.005,341.215,0
4/15/2021 15:00,341.215,341.345,341.04,341.325,0
4/15/2021 15:05,341.325,341.415,341.015,341.085,0
4/15/2021 15:10,341.085,341.105,340.655,340.855,0
4/15/2021 15:15,340.855,341.065,340.785,341.05,0
4/15/2021 15:20,341.05,341.095,340.795,340.85,0
4/15/2021 15:25,340.85,340.985,340.705,340.845,0
4/15/2021 15:30,340.845,341.175,340.815,341.175,0
4/15/2021 15:35,341.175,341.535,341.165,341.455,0
4/15/2021 15:40,341.455,341.615,341.215,341.595,0
4/15/2021 15:45,341.595,341.845,341.515,341.755,0
4/15/2021 15:50,341.755,342.005,341.535,341.705,0
4/15/2021 15:55,341.705,341.715,341.395,341.6,0
4/16/2021 9:30,342.16,342.16,340.565,340.78,0
4/16/2021 9:35,340.78,341.015,340.605,340.845,0
4/16/2021 9:40,340.845,341.225,340.675,340.96,0
4/16/2021 9:45,340.96,341.105,340.495,341.08,0
4/16/2021 9:50,341.08,341.16,340.335,340.35,0
4/16/2021 9:55,340.35,340.505,340.085,340.34,0
4/16/2021 10:00,340.34,340.995,340.14,340.965,0
4/16/2021 10:05,340.965,341.585,340.835,341.525,0
4/16/2021 10:10,341.525,341.725,341.465,341.515,0
4/16/2021 10:15,341.515,341.88,341.355,341.875,0
4/16/2021 10:20,341.875,341.975,341.415,341.475,0
4/16/2021 10:25,341.475,341.645,341.115,341.165,0
4/16/2021 10:30,341.165,341.415,340.905,341.035,0
4/16/2021 10:35,341.035,341.125,340.79,340.925,0
4/16/2021 10:40,340.925,341.205,340.735,341.115,0
4/16/2021 10:45,341.115,341.635,340.935,341.59,0
4/16/2021 10:50,341.59,341.625,341.415,341.61,0
4/16/2021 10:55,341.61,341.665,341.305,341.305,0
4/16/2021 11:00,341.305,341.465,340.875,341.085,0
4/16/2021 11:05,341.085,341.665,341.065,341.485,0
4/16/2021 11:10,341.485,341.645,341.205,341.235,0
4/16/2021 11:15,341.235,341.545,340.975,341.385,0
4/16/2021 11:20,341.385,341.615,341.355,341.465,0
4/16/2021 11:25,341.465,341.555,340.93,341.015,0
4/16/2021 11:30,341.015,341.235,341.015,341.125,0
4/16/2021 11:35,341.125,341.395,340.925,341.275,0
4/16/2021 11:40,341.275,341.315,340.955,341.055,0
4/16/2021 11:45,341.055,341.195,340.965,341.035,0
4/16/2021 11:50,341.035,341.235,340.955,341.215,0
4/16/2021 11:55,341.215,341.435,341.185,341.385,0
4/16/2021 12:00,341.385,341.695,341.385,341.435,0
4/16/2021 12:05,341.435,341.795,341.275,341.775,0
4/16/2021 12:10,341.775,341.835,341.585,341.795,0
4/16/2021 12:15,341.795,341.905,341.735,341.825,0
4/16/2021 12:20,341.825,342.085,341.755,342.035,0
4/16/2021 12:25,342.035,342.085,341.915,341.935,0
4/16/2021 12:30,341.935,342.085,341.785,341.915,0
4/16/2021 12:35,341.915,341.995,341.825,341.945,0
4/16/2021 12:40,341.945,342.075,341.835,342.075,0
4/16/2021 12:45,342.075,342.115,341.945,342.025,0
4/16/2021 12:50,342.025,342.025,341.645,341.745,0
4/16/2021 12:55,341.745,341.845,341.665,341.795,0
4/16/2021 13:00,341.795,341.945,341.705,341.825,0
4/16/2021 13:05,341.825,341.955,341.715,341.835,0
4/16/2021 13:10,341.835,341.865,341.505,341.545,0
4/16/2021 13:15,341.545,341.675,341.495,341.645,0
4/16/2021 13:20,341.645,341.675,341.415,341.455,0
4/16/2021 13:25,341.455,341.565,341.415,341.465,0
4/16/2021 13:30,341.465,341.545,341.365,341.395,0
4/16/2021 13:35,341.395,341.545,341.345,341.475,0
4/16/2021 13:40,341.475,341.525,341.335,341.515,0
4/16/2021 13:45,341.515,341.675,341.345,341.425,0
4/16/2021 13:50,341.425,341.455,341.205,341.265,0
4/16/2021 13:55,341.265,341.305,341.205,341.205,0
4/16/2021 14:00,341.205,341.675,341.145,341.67,0
4/16/2021 14:05,341.67,341.795,341.625,341.695,0
4/16/2021 14:10,341.695,341.835,341.655,341.685,0
4/16/2021 14:15,341.685,341.775,341.555,341.585,0
4/16/2021 14:20,341.585,341.755,341.465,341.695,0
4/16/2021 14:25,341.695,341.795,341.635,341.755,0
4/16/2021 14:30,341.755,341.915,341.745,341.855,0
4/16/2021 14:35,341.855,341.885,341.745,341.795,0
4/16/2021 14:40,341.795,341.945,341.785,341.855,0
4/16/2021 14:45,341.855,342.02,341.755,341.965,0
4/16/2021 14:50,341.965,342.025,341.875,341.965,0
4/16/2021 14:55,341.965,341.975,341.845,341.965,0
4/16/2021 15:00,341.965,342.095,341.815,341.835,0
4/16/2021 15:05,341.835,341.875,341.745,341.795,0
4/16/2021 15:10,341.795,341.895,341.695,341.895,0
4/16/2021 15:15,341.895,341.995,341.835,341.945,0
4/16/2021 15:20,341.945,342.045,341.855,341.985,0
4/16/2021 15:25,341.985,342.035,341.795,341.935,0
4/16/2021 15:30,341.935,341.965,341.815,341.865,0
4/16/2021 15:35,341.865,342.065,341.835,342.065,0
4/16/2021 15:40,342.065,342.185,341.935,342.015,0
4/16/2021 15:45,342.015,342.025,341.745,341.865,0
4/16/2021 15:50,341.865,342.235,341.835,342.025,0
4/16/2021 15:55,342.025,342.095,341.835,341.995,0
4/19/2021 9:30,340.4,341.445,340.065,341.225,0
4/19/2021 9:35,341.225,341.575,341.205,341.215,0
4/19/2021 9:40,341.215,341.455,341.125,341.37,0
4/19/2021 9:45,341.37,341.525,340.835,340.995,0
4/19/2021 9:50,340.995,341.225,340.865,341.165,0
4/19/2021 9:55,341.165,341.335,340.915,341.13,0
4/19/2021 10:00,341.13,341.415,340.075,340.21,0
4/19/2021 10:05,340.21,340.29,339.095,339.395,0
4/19/2021 10:10,339.395,339.465,338.715,339.025,0
4/19/2021 10:15,339.025,339.225,338.575,339.18,0
4/19/2021 10:20,339.18,339.515,339.045,339.515,0
4/19/2021 10:25,339.515,339.725,339.265,339.525,0
4/19/2021 10:30,339.525,339.835,339.475,339.795,0
4/19/2021 10:35,339.795,339.875,339.445,339.545,0
4/19/2021 10:40,339.545,339.705,338.84,338.875,0
4/19/2021 10:45,338.875,338.885,337.865,338.255,0
4/19/2021 10:50,338.255,339.225,338.185,339.085,0
4/19/2021 10:55,339.085,339.495,339.065,339.415,0
4/19/2021 11:00,339.415,339.635,339.175,339.195,0
4/19/2021 11:05,339.195,339.84,338.965,339.68,0
4/19/2021 11:10,339.68,339.695,339.195,339.675,0
4/19/2021 11:15,339.675,339.985,339.365,339.835,0
4/19/2021 11:20,339.835,339.925,339.185,339.225,0
4/19/2021 11:25,339.225,339.62,339.015,339.395,0
4/19/2021 11:30,339.395,339.445,338.415,338.52,0
4/19/2021 11:35,338.52,338.685,338.335,338.625,0
4/19/2021 11:40,338.625,338.985,338.055,338.065,0
4/19/2021 11:45,338.065,338.555,337.725,338.295,0
4/19/2021 11:50,338.295,338.995,338.245,338.885,0
4/19/2021 11:55,338.885,338.885,338.135,338.305,0
4/19/2021 12:00,338.305,338.435,337.61,337.765,0
4/19/2021 12:05,337.765,338.355,337.465,338.325,0
4/19/2021 12:10,338.325,338.515,338.03,338.165,0
4/19/2021 12:15,338.165,338.655,338.165,338.535,0
4/19/2021 12:20,338.535,338.775,338.365,338.415,0
4/19/2021 12:25,338.415,338.42,337.435,337.775,0
4/19/2021 12:30,337.775,337.895,337.305,337.385,0
4/19/2021 12:35,337.385,337.635,337.295,337.315,0
4/19/2021 12:40,337.315,337.375,336.905,337.215,0
4/19/2021 12:45,337.215,337.525,336.915,337.415,0
4/19/2021 12:50,337.415,337.66,337.195,337.415,0
4/19/2021 12:55,337.415,337.725,337.185,337.585,0
4/19/2021 13:00,337.585,337.995,337.385,337.915,0
4/19/2021 13:05,337.915,338.045,337.745,337.84,0
4/19/2021 13:10,337.84,338.465,337.805,338.4,0
4/19/2021 13:15,338.4,338.535,338.28,338.35,0
4/19/2021 13:20,338.35,338.475,338.135,338.245,0
4/19/2021 13:25,338.245,338.415,337.93,338.085,0
4/19/2021 13:30,338.085,338.395,337.915,338.275,0
4/19/2021 13:35,338.275,338.805,338.265,338.72,0
4/19/2021 13:40,338.72,338.775,338.385,338.46,0
4/19/2021 13:45,338.46,338.575,338.32,338.415,0
4/19/2021 13:50,338.415,338.545,338.095,338.25,0
4/19/2021 13:55,338.25,338.52,338.045,338.25,0
4/19/2021 14:00,338.25,338.485,338.085,338.245,0
4/19/2021 14:05,338.245,338.515,337.835,337.93,0
4/19/2021 14:10,337.93,338.235,337.91,338.1,0
4/19/2021 14:15,338.1,338.445,338.085,338.315,0
4/19/2021 14:20,338.315,338.71,338.155,338.595,0
4/19/2021 14:25,338.595,338.685,338.495,338.545,0
4/19/2021 14:30,338.545,338.63,338.265,338.345,0
4/19/2021 14:35,338.345,338.385,337.725,337.835,0
4/19/2021 14:40,337.835,338.29,337.745,338.06,0
4/19/2021 14:45,338.06,338.415,337.91,338.25,0
4/19/2021 14:50,338.25,338.33,338.025,338.245,0
4/19/2021 14:55,338.245,338.495,338.235,338.465,0
4/19/2021 15:00,338.465,338.475,338.085,338.36,0
4/19/2021 15:05,338.36,338.57,338.125,338.16,0
4/19/2021 15:10,338.16,338.36,337.89,338.01,0
4/19/2021 15:15,338.01,338.165,337.81,337.935,0
4/19/2021 15:20,337.935,338.145,337.755,337.9,0
4/19/2021 15:25,337.9,337.995,337.755,337.91,0
4/19/2021 15:30,337.91,338.07,337.625,337.875,0
4/19/2021 15:35,337.875,338.035,337.765,337.995,0
4/19/2021 15:40,337.995,338.425,337.935,338.315,0
4/19/2021 15:45,338.315,338.375,337.845,337.865,0
4/19/2021 15:50,337.865,338.235,337.815,338.1,0
4/19/2021 15:55,338.1,338.935,338.075,338.89,0
4/20/2021 9:30,338.19,338.795,337.82,337.93,0
4/20/2021 9:35,337.93,338.955,337.645,338.525,0
4/20/2021 9:40,338.525,338.87,337.95,338.69,0
4/20/2021 9:45,338.69,339.235,338.67,339.015,0
4/20/2021 9:50,339.015,339.525,338.635,339.26,0
4/20/2021 9:55,339.26,339.335,338.815,338.925,0
4/20/2021 10:00,338.925,339.16,338.215,338.225,0
4/20/2021 10:05,338.225,338.685,338.215,338.43,0
4/20/2021 10:10,338.43,338.695,337.985,338.105,0
4/20/2021 10:15,338.105,338.725,337.91,338.47,0
4/20/2021 10:20,338.47,338.525,338.21,338.42,0
4/20/2021 10:25,338.42,338.675,338.145,338.395,0
4/20/2021 10:30,338.395,338.42,337.775,337.905,0
4/20/2021 10:35,337.905,338.295,337.755,337.905,0
4/20/2021 10:40,337.905,337.945,336.805,336.97,0
4/20/2021 10:45,336.97,337.115,336.615,336.845,0
4/20/2021 10:50,336.845,337.005,336.035,336.265,0
4/20/2021 10:55,336.265,336.785,336.175,336.465,0
4/20/2021 11:00,336.465,336.735,336.15,336.605,0
4/20/2021 11:05,336.605,336.88,336.495,336.855,0
4/20/2021 11:10,336.855,336.915,336.365,336.455,0
4/20/2021 11:15,336.455,336.54,335.18,335.235,0
4/20/2021 11:20,335.235,335.445,334.82,334.82,0
4/20/2021 11:25,334.82,335.49,334.82,335.22,0
4/20/2021 11:30,335.22,335.295,334.865,334.89,0
4/20/2021 11:35,334.89,335.03,334.385,335.01,0
4/20/2021 11:40,335.01,335.335,334.905,335.2,0
4/20/2021 11:45,335.2,335.685,335.02,335.645,0
4/20/2021 11:50,335.645,335.845,335.335,335.84,0
4/20/2021 11:55,335.84,335.94,335.545,335.575,0
4/20/2021 12:00,335.575,335.985,335.36,335.95,0
4/20/2021 12:05,335.95,335.985,335.74,335.95,0
4/20/2021 12:10,335.95,336.325,335.85,336.305,0
4/20/2021 12:15,336.305,336.405,336.165,336.365,0
4/20/2021 12:20,336.365,336.505,336.305,336.4,0
4/20/2021 12:25,336.4,336.465,336.105,336.205,0
4/20/2021 12:30,336.205,336.315,335.935,335.94,0
4/20/2021 12:35,335.94,336.295,335.865,336.07,0
4/20/2021 12:40,336.07,336.07,335.525,335.57,0
4/20/2021 12:45,335.57,335.745,335.515,335.61,0
4/20/2021 12:50,335.61,335.995,335.415,335.49,0
4/20/2021 12:55,335.49,335.985,335.465,335.845,0
4/20/2021 13:00,335.845,336.155,335.575,335.965,0
4/20/2021 13:05,335.965,335.965,335.605,335.725,0
4/20/2021 13:10,335.725,335.785,335.535,335.66,0
4/20/2021 13:15,335.66,335.9,335.515,335.795,0
4/20/2021 13:20,335.795,335.865,335.015,335.075,0
4/20/2021 13:25,335.075,335.115,334.915,335.095,0
4/20/2021 13:30,335.095,335.435,335.085,335.22,0
4/20/2021 13:35,335.22,335.605,335.22,335.605,0
4/20/2021 13:40,335.605,335.675,335.395,335.535,0
4/20/2021 13:45,335.535,335.97,335.485,335.845,0
4/20/2021 13:50,335.845,336.165,335.765,336.005,0
4/20/2021 13:55,336.005,336.295,335.975,336.255,0
4/20/2021 14:00,336.255,336.295,336.115,336.255,0
4/20/2021 14:05,336.255,336.405,336.075,336.315,0
4/20/2021 14:10,336.315,336.335,336.045,336.205,0
4/20/2021 14:15,336.205,336.23,335.855,335.885,0
4/20/2021 14:20,335.885,336.175,335.875,336.045,0
4/20/2021 14:25,336.045,336.055,335.605,335.615,0
4/20/2021 14:30,335.615,335.65,335.135,335.155,0
4/20/2021 14:35,335.155,335.255,335.075,335.165,0
4/20/2021 14:40,335.165,335.485,335.155,335.405,0
4/20/2021 14:45,335.405,335.515,335.275,335.455,0
4/20/2021 14:50,335.455,335.715,335.305,335.35,0
4/20/2021 14:55,335.35,335.37,334.755,334.99,0
4/20/2021 15:00,334.99,335.735,334.97,335.68,0
4/20/2021 15:05,335.68,335.915,335.61,335.895,0
4/20/2021 15:10,335.895,336.035,335.705,336.005,0
4/20/2021 15:15,336.005,336.175,335.735,335.81,0
4/20/2021 15:20,335.81,336.13,335.785,336.035,0
4/20/2021 15:25,336.035,336.075,335.855,336.025,0
4/20/2021 15:30,336.025,336.315,335.915,336.285,0
4/20/2021 15:35,336.285,336.385,335.95,336.165,0
4/20/2021 15:40,336.165,336.715,336.135,336.685,0
4/20/2021 15:45,336.685,336.785,336.505,336.675,0
4/20/2021 15:50,336.675,336.685,336.28,336.445,0
4/20/2021 15:55,336.445,336.515,336.09,336.35,0
4/21/2021 9:30,335.085,335.52,334.82,335,0
4/21/2021 9:35,335,335.37,334.24,334.24,0
4/21/2021 9:40,334.24,334.875,333.97,334.64,0
4/21/2021 9:45,334.64,335.92,334.515,335.82,0
4/21/2021 9:50,335.82,336.195,335.725,335.94,0
4/21/2021 9:55,335.94,336.51,335.765,336.435,0
4/21/2021 10:00,336.435,336.495,335.945,336.03,0
4/21/2021 10:05,336.03,336.045,335.585,335.86,0
4/21/2021 10:10,335.86,336.235,335.625,335.79,0
4/21/2021 10:15,335.79,336.075,335.465,335.62,0
4/21/2021 10:20,335.62,336.355,335.405,336.355,0
4/21/2021 10:25,336.355,336.905,336.27,336.79,0
4/21/2021 10:30,336.79,336.805,336.115,336.21,0
4/21/2021 10:35,336.21,336.495,335.94,336,0
4/21/2021 10:40,336,336.175,335.805,336.125,0
4/21/2021 10:45,336.125,336.335,335.925,336.125,0
4/21/2021 10:50,336.125,336.155,335.71,335.85,0
4/21/2021 10:55,335.85,336.105,335.625,335.99,0
4/21/2021 11:00,335.99,336.455,335.825,336.225,0
4/21/2021 11:05,336.225,336.575,336.065,336.505,0
4/21/2021 11:10,336.505,337.135,336.305,337.045,0
4/21/2021 11:15,337.045,337.405,337.015,337.325,0
4/21/2021 11:20,337.325,337.565,337.325,337.485,0
4/21/2021 11:25,337.485,337.675,337.435,337.545,0
4/21/2021 11:30,337.545,338.015,337.505,337.975,0
4/21/2021 11:35,337.975,338.025,337.545,337.67,0
4/21/2021 11:40,337.67,337.775,337.525,337.775,0
4/21/2021 11:45,337.775,337.875,337.635,337.735,0
4/21/2021 11:50,337.735,337.935,337.655,337.915,0
4/21/2021 11:55,337.915,338.245,337.895,338.155,0
4/21/2021 12:00,338.155,338.195,338.035,338.045,0
4/21/2021 12:05,338.045,338.115,337.875,337.995,0
4/21/2021 12:10,337.995,338.015,337.735,337.805,0
4/21/2021 12:15,337.805,337.985,337.675,337.955,0
4/21/2021 12:20,337.955,337.975,337.82,337.9,0
4/21/2021 12:25,337.9,337.935,337.615,337.655,0
4/21/2021 12:30,337.655,337.79,337.455,337.545,0
4/21/2021 12:35,337.545,337.695,337.495,337.685,0
4/21/2021 12:40,337.685,337.825,337.585,337.625,0
4/21/2021 12:45,337.625,337.725,337.375,337.395,0
4/21/2021 12:50,337.395,337.615,337.365,337.445,0
4/21/2021 12:55,337.445,337.535,337.185,337.305,0
4/21/2021 13:00,337.305,337.455,337.255,337.445,0
4/21/2021 13:05,337.445,337.745,337.345,337.695,0
4/21/2021 13:10,337.695,337.825,337.605,337.745,0
4/21/2021 13:15,337.745,337.975,337.7,337.935,0
4/21/2021 13:20,337.935,338.035,337.85,337.985,0
4/21/2021 13:25,337.985,338.015,337.735,337.755,0
4/21/2021 13:30,337.755,338.015,337.745,337.91,0
4/21/2021 13:35,337.91,337.935,337.775,337.855,0
4/21/2021 13:40,337.855,337.865,337.715,337.745,0
4/21/2021 13:45,337.745,337.795,337.575,337.655,0
4/21/2021 13:50,337.655,337.795,337.585,337.685,0
4/21/2021 13:55,337.685,337.9,337.685,337.845,0
4/21/2021 14:00,337.845,338.075,337.835,337.935,0
4/21/2021 14:05,337.935,338.055,337.865,338.055,0
4/21/2021 14:10,338.055,338.125,337.935,338.075,0
4/21/2021 14:15,338.075,338.165,337.945,337.955,0
4/21/2021 14:20,337.955,338.005,337.605,337.625,0
4/21/2021 14:25,337.625,337.91,337.545,337.885,0
4/21/2021 14:30,337.885,338.025,337.835,337.955,0
4/21/2021 14:35,337.955,338.025,337.855,337.875,0
4/21/2021 14:40,337.875,337.915,337.625,337.675,0
4/21/2021 14:45,337.675,337.765,337.575,337.745,0
4/21/2021 14:50,337.745,337.835,337.61,337.825,0
4/21/2021 14:55,337.825,337.825,337.595,337.74,0
4/21/2021 15:00,337.74,337.795,337.535,337.695,0
4/21/2021 15:05,337.695,337.745,337.535,337.645,0
4/21/2021 15:10,337.645,337.975,337.595,337.915,0
4/21/2021 15:15,337.915,338.075,337.785,338.075,0
4/21/2021 15:20,338.075,338.115,337.975,338.055,0
4/21/2021 15:25,338.055,338.195,338.055,338.155,0
4/21/2021 15:30,338.155,338.695,338.155,338.685,0
4/21/2021 15:35,338.685,338.745,338.555,338.585,0
4/21/2021 15:40,338.585,338.995,338.555,338.975,0
4/21/2021 15:45,338.975,339.135,338.925,339.135,0
4/21/2021 15:50,339.135,339.435,338.905,339.345,0
4/21/2021 15:55,339.345,339.485,339.155,339.3,0
4/22/2021 9:30,338.88,339.135,338.345,338.635,0
4/22/2021 9:35,338.635,338.875,338.515,338.685,0
4/22/2021 9:40,338.685,338.82,338.155,338.215,0
4/22/2021 9:45,338.215,338.455,337.935,338.125,0
4/22/2021 9:50,338.125,338.355,337.755,337.945,0
4/22/2021 9:55,337.945,338.525,337.855,338.395,0
4/22/2021 10:00,338.395,338.405,337.795,338.14,0
4/22/2021 10:05,338.14,338.635,338.08,338.6,0
4/22/2021 10:10,338.6,338.675,338.265,338.515,0
4/22/2021 10:15,338.515,338.705,338.125,338.53,0
4/22/2021 10:20,338.53,338.835,338.355,338.68,0
4/22/2021 10:25,338.68,339.315,338.675,339.115,0
4/22/2021 10:30,339.115,339.685,339.095,339.605,0
4/22/2021 10:35,339.605,339.655,339.325,339.565,0
4/22/2021 10:40,339.565,339.635,339.295,339.345,0
4/22/2021 10:45,339.345,339.735,339.315,339.595,0
4/22/2021 10:50,339.595,339.895,339.385,339.615,0
4/22/2021 10:55,339.615,339.62,339.215,339.435,0
4/22/2021 11:00,339.435,339.625,339.125,339.16,0
4/22/2021 11:05,339.16,339.435,339.08,339.355,0
4/22/2021 11:10,339.355,339.365,339.005,339.135,0
4/22/2021 11:15,339.135,339.175,338.885,339.045,0
4/22/2021 11:20,339.045,339.295,338.985,339.215,0
4/22/2021 11:25,339.215,339.415,338.955,338.955,0
4/22/2021 11:30,338.955,339.475,338.755,339.445,0
4/22/2021 11:35,339.445,339.515,339.195,339.305,0
4/22/2021 11:40,339.305,339.315,339.065,339.195,0
4/22/2021 11:45,339.195,339.195,338.995,339.095,0
4/22/2021 11:50,339.095,339.335,339.015,339.04,0
4/22/2021 11:55,339.04,339.155,338.825,339.015,0
4/22/2021 12:00,339.015,339.125,338.865,338.945,0
4/22/2021 12:05,338.945,338.965,338.635,338.725,0
4/22/2021 12:10,338.725,338.835,338.675,338.835,0
4/22/2021 12:15,338.835,339.075,338.815,339.045,0
4/22/2021 12:20,339.045,339.395,339.045,339.38,0
4/22/2021 12:25,339.38,339.495,339.285,339.465,0
4/22/2021 12:30,339.465,339.685,339.455,339.595,0
4/22/2021 12:35,339.595,339.765,339.595,339.705,0
4/22/2021 12:40,339.705,339.765,339.625,339.675,0
4/22/2021 12:45,339.675,339.785,339.655,339.675,0
4/22/2021 12:50,339.675,339.745,339.525,339.595,0
4/22/2021 12:55,339.595,339.835,339.545,339.775,0
4/22/2021 13:00,339.775,339.855,339.76,339.785,0
4/22/2021 13:05,339.785,339.825,337.975,338.5,0
4/22/2021 13:10,338.5,338.52,337.015,337.76,0
4/22/2021 13:15,337.76,337.8,336.065,336.16,0
4/22/2021 13:20,336.16,337.235,335.965,337.135,0
4/22/2021 13:25,337.135,337.775,336.675,337.645,0
4/22/2021 13:30,337.645,337.685,336.895,337.535,0
4/22/2021 13:35,337.535,337.545,336.715,336.965,0
4/22/2021 13:40,336.965,336.98,335.525,335.575,0
4/22/2021 13:45,335.575,336.12,335.225,335.42,0
4/22/2021 13:50,335.42,335.545,334.755,334.755,0
4/22/2021 13:55,334.755,335.195,334.355,334.77,0
4/22/2021 14:00,334.77,334.775,334.015,334.46,0
4/22/2021 14:05,334.46,335.135,334.105,334.945,0
4/22/2021 14:10,334.945,335.295,334.59,335.265,0
4/22/2021 14:15,335.265,335.295,334.795,335.06,0
4/22/2021 14:20,335.06,335.245,334.755,335.035,0
4/22/2021 14:25,335.035,335.875,334.865,335.855,0
4/22/2021 14:30,335.855,335.865,335.545,335.635,0
4/22/2021 14:35,335.635,335.935,335.435,335.695,0
4/22/2021 14:40,335.695,336.165,335.615,336.145,0
4/22/2021 14:45,336.145,336.215,335.545,335.675,0
4/22/2021 14:50,335.675,335.865,335.295,335.445,0
4/22/2021 14:55,335.445,335.845,335.305,335.485,0
4/22/2021 15:00,335.485,336.045,335.335,335.855,0
4/22/2021 15:05,335.855,335.86,334.915,335.045,0
4/22/2021 15:10,335.045,335.33,334.985,335.155,0
4/22/2021 15:15,335.155,335.205,334.625,334.875,0
4/22/2021 15:20,334.875,335.095,334.565,334.605,0
4/22/2021 15:25,334.605,334.915,334.535,334.85,0
4/22/2021 15:30,334.85,335.415,334.725,335.355,0
4/22/2021 15:35,335.355,335.545,335.105,335.255,0
4/22/2021 15:40,335.255,335.455,334.95,335.015,0
4/22/2021 15:45,335.015,335.735,334.87,334.895,0
4/22/2021 15:50,334.895,335.45,334.855,335.165,0
