DateTime,Open,High,Low,Close,EMA_Period_5,EMA_Period_3,Stochastic,Stochastic_Signal
2021-04-01 09:30:00,123.63,123.855,123.265,123.4,0,0,0,0
2021-04-01 09:35:00,123.4,123.965,123.27,123.965,0,0,0,0
2021-04-01 09:40:00,123.965,124.175,123.605,123.695,0,0,0,0
2021-04-01 09:45:00,123.695,123.775,123.385,123.385,0,0,0,0
2021-04-01 09:50:00,123.385,123.595,123.315,123.495,0,123.59,0,0
2021-04-01 09:55:00,123.495,123.6,123.365,123.59,0,123.59,0,0
2021-04-01 10:00:00,123.59,123.665,123.075,123.105,0,123.43,0,0
2021-04-01 10:05:00,123.105,123.435,123.005,123.425,0,123.43,0,0
2021-04-01 10:10:00,123.425,123.515,123.225,123.475,0,123.44,0,0
2021-04-01 10:15:00,123.475,123.645,123.465,123.555,123.51,123.48,0,0
2021-04-01 10:20:00,123.555,123.615,123.415,123.465,123.5,123.48,0,0
2021-04-01 10:25:00,123.465,123.465,123.335,123.405,123.48,123.46,0,0
2021-04-01 10:30:00,123.405,123.535,123.355,123.485,123.48,123.47,0,0
2021-04-01 10:35:00,123.485,123.555,123.295,123.335,123.45,123.42,0,0
2021-04-01 10:40:00,123.335,123.515,123.315,123.455,123.45,123.43,0,0
2021-04-01 10:45:00,123.455,123.535,123.385,123.415,123.44,123.43,0,0
2021-04-01 10:50:00,123.415,123.465,123.245,123.285,123.41,123.38,0,0
2021-04-01 10:55:00,123.285,123.465,123.235,123.455,123.42,123.4,0,0
2021-04-01 11:00:00,123.455,123.695,123.435,123.625,123.46,123.48,0,0
2021-04-01 11:05:00,123.625,123.625,123.345,123.505,123.47,123.49,0,0
2021-04-01 11:10:00,123.505,123.525,123.345,123.375,123.45,123.45,0,0
2021-04-01 11:15:00,123.375,123.395,123.165,123.215,123.41,123.37,0,0
2021-04-01 11:20:00,123.215,123.425,123.195,123.225,123.38,123.32,0,0
2021-04-01 11:25:00,123.225,123.335,123.195,123.275,123.36,123.3,0,0
2021-04-01 11:30:00,123.275,123.305,123.175,123.175,123.33,123.26,0,0
2021-04-01 11:35:00,123.175,123.225,123.115,123.125,123.29,123.22,0,0
2021-04-01 11:40:00,123.125,123.155,123.025,123.105,123.26,123.18,0,0
2021-04-01 11:45:00,123.105,123.285,123.065,123.205,123.25,123.19,28.99,22.85
2021-04-01 11:50:00,123.205,123.215,123.025,123.025,123.21,123.14,0.0,22.47
2021-04-01 11:55:00,123.025,123.055,122.895,122.905,123.15,123.06,1.25,19.91
2021-04-01 12:00:00,122.905,123.025,122.845,123.015,123.13,123.04,20.0,17.4
2021-04-01 12:05:00,123.015,123.245,122.995,123.205,123.14,123.1,42.35,15.25
2021-04-01 12:10:00,123.205,123.245,123.135,123.245,123.16,123.15,47.06,17.78
2021-04-01 12:15:00,123.245,123.355,123.135,123.335,123.19,123.21,57.65,22.02
2021-04-01 12:20:00,123.335,123.365,123.245,123.295,123.21,123.24,52.94,28.19
2021-04-01 12:25:00,123.295,123.375,123.255,123.355,123.24,123.28,60.0,31.61
2021-04-01 12:30:00,123.355,123.435,123.295,123.305,123.25,123.29,54.12,40.18
2021-04-01 12:35:00,123.305,123.375,123.245,123.365,123.27,123.32,61.18,47.73
2021-04-01 12:40:00,123.365,123.375,123.275,123.335,123.28,123.32,57.65,53.61
2021-04-01 12:45:00,123.335,123.365,123.175,123.175,123.26,123.27,42.31,55.8
2021-04-01 12:50:00,123.175,123.185,123.095,123.115,123.23,123.22,39.71,55.12
2021-04-01 12:55:00,123.115,123.235,123.115,123.185,123.22,123.21,57.63,52.56
2021-04-01 13:00:00,123.185,123.245,123.095,123.095,123.2,123.17,42.37,53.23
2021-04-01 13:05:00,123.095,123.135,122.905,122.905,123.15,123.08,10.17,50.71
2021-04-01 13:10:00,122.905,122.975,122.775,122.815,123.09,122.99,6.06,44.43
2021-04-01 13:15:00,122.815,122.885,122.705,122.755,123.03,122.91,6.85,36.56
2021-04-01 13:20:00,122.755,122.875,122.755,122.795,122.99,122.87,12.33,29.3
2021-04-01 13:25:00,122.795,122.825,122.675,122.675,122.93,122.8,0.0,25.02
2021-04-01 13:30:00,122.675,122.795,122.645,122.725,122.89,122.78,10.13,19.34
2021-04-01 13:35:00,122.725,122.825,122.705,122.825,122.88,122.8,22.78,12.56
2021-04-01 13:40:00,122.825,122.855,122.745,122.825,122.87,122.81,22.78,9.76
2021-04-01 13:45:00,122.825,122.865,122.725,122.755,122.85,122.79,13.92,11.56
2021-04-01 13:50:00,122.755,122.795,122.625,122.625,122.81,122.74,0.0,12.68
2021-04-01 13:55:00,122.625,122.745,122.625,122.675,122.79,122.72,6.17,11.71
2021-04-01 14:00:00,122.675,122.695,122.575,122.635,122.76,122.69,6.98,10.83
2021-04-01 14:05:00,122.635,122.745,122.605,122.635,122.74,122.67,6.98,11.82
2021-04-01 14:10:00,122.635,122.795,122.615,122.775,122.75,122.7,23.26,11.37
2021-04-01 14:15:00,122.775,122.775,122.735,122.765,122.75,122.72,23.75,11.44
2021-04-01 14:20:00,122.765,122.875,122.755,122.855,122.77,122.76,35.0,11.58
2021-04-01 14:25:00,122.855,122.895,122.805,122.865,122.79,122.8,36.71,14.59
2021-04-01 14:30:00,122.865,122.955,122.855,122.895,122.81,122.83,47.76,19.84
2021-04-01 14:35:00,122.895,122.905,122.775,122.795,122.81,122.82,32.84,25.78
2021-04-01 14:40:00,122.795,122.795,122.705,122.745,122.8,122.8,25.37,29.47
2021-04-01 14:45:00,122.745,122.765,122.675,122.725,122.79,122.78,26.79,32.1
2021-04-01 14:50:00,122.725,122.725,122.665,122.705,122.77,122.76,32.5,32.6
2021-04-01 14:55:00,122.705,122.755,122.665,122.675,122.75,122.73,26.32,33.85
2021-04-01 15:00:00,122.675,122.715,122.635,122.655,122.73,122.7,21.05,32.61
2021-04-01 15:05:00,122.655,122.785,122.575,122.785,122.74,122.73,55.26,30.38
2021-04-01 15:10:00,122.785,122.785,122.705,122.735,122.74,122.73,42.11,31.45
2021-04-01 15:15:00,122.735,122.735,122.635,122.655,122.72,122.7,21.05,32.77
2021-04-01 15:20:00,122.655,122.665,122.535,122.605,122.7,122.67,16.67,32.15
2021-04-01 15:25:00,122.605,122.635,122.495,122.525,122.67,122.62,6.52,30.71
2021-04-01 15:30:00,122.525,122.645,122.495,122.595,122.66,122.61,21.74,27.0
2021-04-01 15:35:00,122.595,122.615,122.525,122.585,122.65,122.6,19.57,26.34
2021-04-01 15:40:00,122.585,122.625,122.505,122.545,122.63,122.58,10.87,26.13
2021-04-01 15:45:00,122.545,122.715,122.535,122.705,122.64,122.62,45.65,19.79
2021-04-01 15:50:00,122.705,122.905,122.705,122.895,122.69,122.71,86.96,20.3
2021-04-01 15:55:00,122.895,122.995,122.825,122.995,122.75,122.8,100.0,29.71
2021-04-05 09:30:00,123.81,123.92,123.07,123.39,122.87,123.0,62.81,41.62
2021-04-05 09:35:00,123.39,124.135,123.225,124.075,123.09,123.36,96.34,49.66
2021-04-05 09:40:00,124.075,124.595,123.995,124.535,123.35,123.75,97.14,60.31
2021-04-05 09:45:00,124.535,125.065,124.535,125.035,123.66,124.18,98.83,71.4
2021-04-05 09:50:00,125.035,125.125,124.715,124.785,123.86,124.38,87.07,83.96
2021-04-05 09:55:00,124.785,124.835,124.585,124.815,124.03,124.52,88.21,89.88
2021-04-05 10:00:00,124.815,125.265,124.565,125.235,124.25,124.76,98.92,90.06
2021-04-05 10:05:00,125.235,125.445,125.115,125.405,124.46,124.98,98.64,89.9
2021-04-05 10:10:00,125.405,125.465,125.315,125.325,124.62,125.1,95.29,95.02
2021-04-05 10:15:00,125.325,125.415,125.065,125.095,124.71,125.1,87.54,94.87
2021-04-05 10:20:00,125.095,125.285,124.96,124.995,124.76,125.06,84.18,93.5
2021-04-05 10:25:00,124.995,125.135,124.905,125.105,124.82,125.08,87.88,91.41
2021-04-05 10:30:00,125.105,125.305,125.095,125.195,124.89,125.12,90.91,91.52
2021-04-05 10:35:00,125.195,125.585,125.195,125.545,125.01,125.26,98.71,91.91
2021-04-05 10:40:00,125.545,125.575,125.335,125.525,125.1,125.35,98.06,91.88
2021-04-05 10:45:00,125.525,125.615,125.425,125.505,125.17,125.4,96.46,91.8
2021-04-05 10:50:00,125.505,125.565,125.365,125.425,125.22,125.41,93.89,91.96
2021-04-05 10:55:00,125.425,125.425,125.055,125.165,125.21,125.33,85.39,92.87
2021-04-05 11:00:00,125.165,125.195,124.985,125.115,125.19,125.26,82.82,93.04
2021-04-05 11:05:00,125.115,125.125,124.905,124.965,125.15,125.16,76.7,92.32
2021-04-05 11:10:00,124.965,125.085,124.885,125.075,125.14,125.13,78.78,90.29
2021-04-05 11:15:00,125.075,125.125,124.845,124.875,125.09,125.04,69.04,87.44
2021-04-05 11:20:00,124.875,124.945,124.835,124.945,125.06,125.01,58.64,83.3
2021-04-05 11:25:00,124.945,124.985,124.865,124.965,125.04,125.0,39.81,77.89
2021-04-05 11:30:00,124.965,125.325,124.885,125.315,125.09,125.1,71.43,70.17
2021-04-05 11:35:00,125.315,125.505,125.305,125.445,125.15,125.21,83.81,68.17
2021-04-05 11:40:00,125.445,125.565,125.395,125.425,125.2,125.28,81.9,68.32
2021-04-05 11:45:00,125.425,125.435,125.275,125.345,125.23,125.3,65.38,69.06
2021-04-05 11:50:00,125.345,125.495,125.315,125.465,125.27,125.36,80.77,67.14
2021-04-05 11:55:00,125.465,125.485,125.295,125.325,125.28,125.35,62.82,68.82
2021-04-05 12:00:00,125.325,125.495,125.315,125.415,125.3,125.37,74.36,69.42
2021-04-05 12:05:00,125.415,125.415,125.315,125.405,125.32,125.38,73.08,74.35
2021-04-05 12:10:00,125.405,125.545,125.405,125.535,125.36,125.43,89.74,74.59
2021-04-05 12:15:00,125.535,125.575,125.455,125.555,125.4,125.47,92.31,75.44
2021-04-05 12:20:00,125.555,125.775,125.555,125.725,125.46,125.56,94.68,76.92
2021-04-05 12:25:00,125.725,125.855,125.725,125.825,125.53,125.65,97.06,81.11
2021-04-05 12:30:00,125.825,125.865,125.685,125.865,125.59,125.72,100.0,83.44
2021-04-05 12:35:00,125.865,125.935,125.835,125.855,125.64,125.76,92.73,88.75
2021-04-05 12:40:00,125.855,125.955,125.835,125.925,125.69,125.82,97.32,91.37
2021-04-05 12:45:00,125.925,125.935,125.665,125.685,125.69,125.78,75.89,94.83
2021-04-05 12:50:00,125.685,125.715,125.535,125.545,125.66,125.7,63.39,92.86
2021-04-05 12:55:00,125.545,125.615,125.465,125.565,125.64,125.66,65.18,88.72
2021-04-05 13:00:00,125.565,125.765,125.565,125.735,125.66,125.68,80.36,84.51
2021-04-05 13:05:00,125.735,125.795,125.685,125.755,125.68,125.7,81.65,82.12
2021-04-05 13:10:00,125.755,125.775,125.625,125.635,125.67,125.68,70.09,79.5
2021-04-05 13:15:00,125.635,125.685,125.535,125.645,125.67,125.67,54.41,76.27
2021-04-05 13:20:00,125.645,125.755,125.595,125.725,125.68,125.69,66.18,70.14
2021-04-05 13:25:00,125.725,125.795,125.635,125.655,125.68,125.68,55.88,68.75
2021-04-05 13:30:00,125.655,125.705,125.605,125.665,125.68,125.68,56.06,67.68
2021-04-05 13:35:00,125.665,125.715,125.585,125.605,125.67,125.66,46.97,66.38
2021-04-05 13:40:00,125.605,125.725,125.585,125.655,125.67,125.66,53.13,61.61
2021-04-05 13:45:00,125.655,125.715,125.595,125.675,125.67,125.66,56.25,57.53
2021-04-05 13:50:00,125.675,125.845,125.645,125.84,125.7,125.72,79.09,55.55
2021-04-05 13:55:00,125.84,126.075,125.835,126.045,125.76,125.83,95.16,59.08
2021-04-05 14:00:00,126.045,126.155,126.015,126.125,125.83,125.93,95.65,63.22
2021-04-05 14:05:00,126.125,126.165,126.085,126.105,125.88,125.99,91.43,68.9
2021-04-05 14:10:00,126.105,126.145,126.035,126.055,125.91,126.01,84.29,73.95
2021-04-05 14:15:00,126.055,126.095,125.915,125.945,125.92,125.99,68.57,79.29
2021-04-05 14:20:00,125.945,125.995,125.855,125.895,125.92,125.96,61.43,81.49
2021-04-05 14:25:00,125.895,125.905,125.815,125.875,125.91,125.93,58.57,82.23
2021-04-05 14:30:00,125.875,126.015,125.875,125.985,125.92,125.95,74.29,79.3
2021-04-05 14:35:00,125.985,126.055,125.955,126.045,125.94,125.98,82.86,76.32
2021-04-05 14:40:00,126.045,126.105,125.805,125.845,125.92,125.94,49.21,74.49
2021-04-05 14:45:00,125.845,125.895,125.765,125.845,125.91,125.91,49.21,68.46
2021-04-05 14:50:00,125.845,125.905,125.725,125.765,125.88,125.86,36.51,63.45
2021-04-05 14:55:00,125.765,125.795,125.605,125.635,125.84,125.78,15.87,58.87
2021-04-05 15:00:00,125.635,125.715,125.525,125.535,125.78,125.7,1.56,52.36
2021-04-05 15:05:00,125.535,125.605,125.465,125.565,125.74,125.66,14.29,44.22
2021-04-05 15:10:00,125.565,125.695,125.545,125.625,125.72,125.65,22.86,35.64
2021-04-05 15:15:00,125.625,125.725,125.575,125.725,125.72,125.68,37.14,27.07
2021-04-05 15:20:00,125.725,125.815,125.695,125.715,125.72,125.69,35.71,25.35
2021-04-05 15:25:00,125.715,125.715,125.485,125.545,125.69,125.64,11.43,23.42
2021-04-05 15:30:00,125.545,125.555,125.315,125.445,125.65,125.58,15.29,19.84
2021-04-05 15:35:00,125.445,125.595,125.445,125.565,125.63,125.58,29.41,19.75
2021-04-05 15:40:00,125.565,125.645,125.475,125.615,125.63,125.59,35.29,23.73
2021-04-05 15:45:00,125.615,125.905,125.555,125.725,125.65,125.64,48.24,26.73
2021-04-05 15:50:00,125.725,125.995,125.505,125.935,125.7,125.74,74.7,30.36
2021-04-05 15:55:00,125.935,125.975,125.795,125.905,125.74,125.8,74.68,35.72
2021-04-06 09:30:00,126.54,126.615,125.81,125.815,125.75,125.8,38.46,41.29
2021-04-06 09:35:00,125.815,126.405,125.65,126.15,125.82,125.92,64.23,45.15
2021-04-06 09:40:00,126.15,126.15,125.725,126.115,125.87,125.98,61.54,52.14
2021-04-06 09:45:00,126.115,126.305,125.865,125.935,125.88,125.96,47.69,56.73
2021-04-06 09:50:00,125.935,126.145,125.815,126.135,125.93,126.02,63.08,58.51
2021-04-06 09:55:00,126.135,126.575,126.135,126.575,126.05,126.2,96.92,60.63
2021-04-06 10:00:00,126.575,126.905,126.555,126.825,126.19,126.41,94.97,63.8
2021-04-06 10:05:00,126.825,126.955,126.665,126.675,126.28,126.5,82.93,66.7
2021-04-06 10:10:00,126.675,126.685,126.345,126.415,126.3,126.47,67.07,73.05
2021-04-06 10:15:00,126.415,126.495,126.175,126.355,126.31,126.43,63.41,73.46
2021-04-06 10:20:00,126.355,126.475,126.265,126.325,126.31,126.4,61.59,73.72
2021-04-06 10:25:00,126.325,126.545,126.205,126.365,126.32,126.39,64.02,75.71
2021-04-06 10:30:00,126.365,126.395,126.025,126.165,126.29,126.32,51.83,75.84
2021-04-06 10:35:00,126.165,126.185,125.975,126.125,126.26,126.26,49.39,69.4
2021-04-06 10:40:00,126.125,126.295,126.105,126.275,126.26,126.26,58.54,62.89
2021-04-06 10:45:00,126.275,126.425,126.265,126.345,126.28,126.29,59.6,59.41
2021-04-06 10:50:00,126.345,126.625,126.345,126.595,126.34,126.39,75.68,58.34
2021-04-06 10:55:00,126.595,126.665,126.525,126.565,126.38,126.45,73.1,60.09
2021-04-06 11:00:00,126.565,126.725,126.535,126.665,126.43,126.52,80.0,61.74
2021-04-06 11:05:00,126.665,126.725,126.505,126.715,126.48,126.58,81.61,64.02
2021-04-06 11:10:00,126.715,126.985,126.685,126.985,126.57,126.72,100.0,68.27
2021-04-06 11:15:00,126.985,127.125,126.865,126.945,126.64,126.8,87.8,75.5
2021-04-06 11:20:00,126.945,127.015,126.755,126.765,126.66,126.79,74.29,79.68
2021-04-06 11:25:00,126.765,126.995,126.735,126.865,126.7,126.82,80.15,81.78
2021-04-06 11:30:00,126.865,126.915,126.765,126.805,126.72,126.82,75.57,82.42
2021-04-06 11:35:00,126.805,126.905,126.795,126.815,126.74,126.82,73.04,82.77
2021-04-06 11:40:00,126.815,126.955,126.735,126.925,126.77,126.85,82.61,81.78
2021-04-06 11:45:00,126.925,126.925,126.745,126.755,126.77,126.82,67.83,81.92
2021-04-06 11:50:00,126.755,126.835,126.665,126.825,126.78,126.82,73.91,77.33
2021-04-06 11:55:00,126.825,126.945,126.735,126.925,126.81,126.85,82.61,75.34
2021-04-06 12:00:00,126.925,126.935,126.765,126.785,126.81,126.83,70.43,76.53
2021-04-06 12:05:00,126.785,126.845,126.565,126.635,126.78,126.76,57.39,75.14
2021-04-06 12:10:00,126.635,126.675,126.515,126.565,126.74,126.7,51.3,72.55
2021-04-06 12:15:00,126.565,126.655,126.505,126.575,126.71,126.66,52.17,69.44
2021-04-06 12:20:00,126.575,126.655,126.575,126.635,126.7,126.65,51.96,65.09
2021-04-06 12:25:00,126.635,126.645,126.415,126.465,126.66,126.59,23.26,62.82
2021-04-06 12:30:00,126.465,126.615,126.455,126.585,126.65,126.59,30.77,55.59
2021-04-06 12:35:00,126.585,126.605,126.455,126.465,126.62,126.55,7.04,48.18
2021-04-06 12:40:00,126.465,126.625,126.465,126.585,126.61,126.56,23.94,39.13
2021-04-06 12:45:00,126.585,126.645,126.435,126.505,126.59,126.54,12.68,34.35
2021-04-06 12:50:00,126.505,126.535,126.295,126.335,126.54,126.47,4.82,28.83
2021-04-06 12:55:00,126.335,126.385,126.215,126.235,126.48,126.39,2.2,22.07
2021-04-06 13:00:00,126.235,126.285,126.115,126.165,126.42,126.32,5.56,14.96
2021-04-06 13:05:00,126.165,126.175,126.075,126.135,126.37,126.26,6.52,12.43
2021-04-06 13:10:00,126.135,126.245,126.075,126.235,126.35,126.25,18.18,8.97
2021-04-06 13:15:00,126.235,126.245,126.025,126.045,126.29,126.18,2.15,10.56
2021-04-06 13:20:00,126.045,126.085,125.895,125.915,126.22,126.09,1.89,7.44
2021-04-06 13:25:00,125.915,125.935,125.745,125.885,126.16,126.02,11.67,5.9
2021-04-06 13:30:00,125.885,126.055,125.815,126.005,126.13,126.02,21.67,6.88
2021-04-06 13:35:00,126.005,126.085,125.995,126.065,126.12,126.04,26.67,9.66
2021-04-06 13:40:00,126.065,126.125,126.035,126.095,126.12,126.06,29.41,12.68
2021-04-06 13:45:00,126.095,126.125,126.075,126.085,126.11,126.07,30.91,15.95
2021-04-06 13:50:00,126.085,126.185,126.035,126.165,126.12,126.1,45.16,17.77
2021-04-06 13:55:00,126.165,126.205,126.135,126.185,126.13,126.13,48.35,23.91
2021-04-06 14:00:00,126.185,126.305,126.135,126.295,126.16,126.18,60.44,30.55
2021-04-06 14:05:00,126.295,126.325,126.215,126.275,126.18,126.21,58.89,37.52
2021-04-06 14:10:00,126.275,126.385,126.245,126.305,126.2,126.24,62.22,42.83
2021-04-06 14:15:00,126.305,126.345,126.225,126.315,126.22,126.26,63.33,47.91
2021-04-06 14:20:00,126.315,126.405,126.305,126.395,126.25,126.3,72.22,52.76
2021-04-06 14:25:00,126.395,126.445,126.355,126.415,126.28,126.34,74.44,58.66
2021-04-06 14:30:00,126.415,126.465,126.265,126.285,126.28,126.32,68.35,62.84
2021-04-06 14:35:00,126.285,126.335,126.125,126.325,126.29,126.32,80.56,65.7
2021-04-06 14:40:00,126.325,126.575,126.325,126.515,126.33,126.38,92.77,68.57
2021-04-06 14:45:00,126.515,126.565,126.475,126.545,126.37,126.44,96.39,73.41
2021-04-06 14:50:00,126.545,126.555,126.425,126.515,126.4,126.46,92.77,78.29
2021-04-06 14:55:00,126.515,126.605,126.485,126.545,126.43,126.49,93.02,82.5
2021-04-06 15:00:00,126.545,126.605,126.295,126.395,126.42,126.46,75.58,85.47
2021-04-06 15:05:00,126.395,126.465,126.325,126.375,126.41,126.43,73.26,85.63
2021-04-06 15:10:00,126.375,126.485,126.375,126.465,126.42,126.44,82.28,86.34
2021-04-06 15:15:00,126.465,126.525,126.375,126.515,126.44,126.46,85.25,86.58
2021-04-06 15:20:00,126.515,126.675,126.485,126.665,126.48,126.53,98.44,85.51
2021-04-06 15:25:00,126.665,126.675,126.425,126.465,126.48,126.51,67.19,85.8
2021-04-06 15:30:00,126.465,126.505,126.325,126.335,126.45,126.45,46.87,82.15
2021-04-06 15:35:00,126.335,126.415,126.325,126.335,126.43,126.41,38.18,75.55
2021-04-06 15:40:00,126.335,126.425,126.285,126.335,126.41,126.38,38.18,70.21
2021-04-06 15:45:00,126.335,126.395,126.265,126.355,126.4,126.37,41.82,65.2
2021-04-06 15:50:00,126.355,126.355,126.115,126.175,126.36,126.3,10.71,59.42
2021-04-06 15:55:00,126.175,126.235,126.005,126.235,126.34,126.28,34.33,48.77
2021-04-07 09:30:00,125.82,126.105,125.15,125.285,126.15,125.95,8.85,39.61
2021-04-07 09:35:00,125.285,125.535,125.155,125.395,126.01,125.76,16.07,31.28
2021-04-07 09:40:00,125.395,125.765,125.345,125.705,125.95,125.74,36.39,26.88
2021-04-07 09:45:00,125.705,126.175,125.705,126.145,125.99,125.88,65.25,26.62
2021-04-07 09:50:00,126.145,126.205,125.955,126.105,126.01,125.96,62.62,30.49
2021-04-07 09:55:00,126.105,126.205,126.025,126.115,126.03,126.01,63.28,33.46
2021-04-07 10:00:00,126.115,126.665,126.045,126.665,126.15,126.23,99.34,40.97
2021-04-07 10:05:00,126.665,126.775,126.515,126.575,126.23,126.34,87.69,50.26
2021-04-07 10:10:00,126.575,126.835,126.515,126.695,126.31,126.46,91.69,61.52
2021-04-07 10:15:00,126.695,126.915,126.575,126.865,126.41,126.6,97.17,72.32
2021-04-07 10:20:00,126.865,126.965,126.755,126.915,126.5,126.7,97.25,81.01
2021-04-07 10:25:00,126.915,127.235,126.885,127.135,126.62,126.84,95.2,85.58
2021-04-07 10:30:00,127.135,127.245,127.015,127.075,126.7,126.92,91.89,90.23
2021-04-07 10:35:00,127.075,127.125,126.905,126.935,126.74,126.92,85.2,94.32
2021-04-07 10:40:00,126.935,127.135,126.905,127.085,126.8,126.98,92.36,92.3
2021-04-07 10:45:00,127.085,127.175,127.025,127.075,126.85,127.01,91.89,92.97
2021-04-07 10:50:00,127.075,127.075,126.775,126.885,126.86,126.97,82.82,92.99
2021-04-07 10:55:00,126.885,126.935,126.845,126.895,126.87,126.94,83.29,90.94
2021-04-07 11:00:00,126.895,127.425,126.895,127.265,126.94,127.05,92.97,88.95
2021-04-07 11:05:00,127.265,127.465,127.225,127.225,126.99,127.11,89.63,88.63
2021-04-07 11:10:00,127.225,127.355,127.205,127.325,127.05,127.18,93.95,88.31
2021-04-07 11:15:00,127.325,127.425,127.265,127.365,127.11,127.24,95.67,89.56
2021-04-07 11:20:00,127.365,127.445,127.245,127.245,127.13,127.24,89.62,90.03
2021-04-07 11:25:00,127.245,127.275,127.115,127.225,127.15,127.24,86.36,89.71
2021-04-07 11:30:00,127.225,127.225,127.025,127.105,127.14,127.2,76.16,90.21
2021-04-07 11:35:00,127.105,127.145,126.785,126.815,127.08,127.07,54.86,89.19
2021-04-07 11:40:00,126.815,126.985,126.755,126.935,127.05,127.02,62.68,83.75
2021-04-07 11:45:00,126.935,127.175,126.925,127.055,127.05,127.03,56.84,79.9
2021-04-07 11:50:00,127.055,127.325,127.035,127.175,127.07,127.08,69.47,74.6
2021-04-07 11:55:00,127.175,127.325,127.075,127.315,127.11,127.16,83.15,70.86
2021-04-07 12:00:00,127.315,127.425,127.275,127.305,127.15,127.21,77.46,69.93
2021-04-07 12:05:00,127.305,127.465,127.235,127.465,127.21,127.3,100.0,68.66
2021-04-07 12:10:00,127.465,127.475,127.365,127.425,127.25,127.34,93.06,72.07
2021-04-07 12:15:00,127.425,127.425,127.12,127.165,127.23,127.28,56.94,77.52
2021-04-07 12:20:00,127.165,127.375,127.125,127.375,127.26,127.31,86.11,76.7
2021-04-07 12:25:00,127.375,127.375,127.135,127.155,127.24,127.26,55.56,80.88
2021-04-07 12:30:00,127.155,127.325,127.105,127.225,127.24,127.25,65.28,78.9
2021-04-07 12:35:00,127.225,127.345,127.185,127.285,127.25,127.26,73.61,76.34
2021-04-07 12:40:00,127.285,127.285,127.215,127.245,127.25,127.26,68.06,75.79
2021-04-07 12:45:00,127.245,127.245,127.135,127.145,127.23,127.22,54.17,71.23
2021-04-07 12:50:00,127.145,127.235,127.035,127.065,127.2,127.17,43.06,65.68
2021-04-07 12:55:00,127.065,127.125,127.055,127.085,127.18,127.14,45.83,63.69
2021-04-07 13:00:00,127.085,127.245,127.035,127.125,127.17,127.14,51.39,57.94
2021-04-07 13:05:00,127.125,127.245,127.045,127.075,127.15,127.12,44.44,57.34
2021-04-07 13:10:00,127.075,127.155,127.015,127.075,127.14,127.1,44.44,54.37
2021-04-07 13:15:00,127.075,127.095,126.985,126.995,127.11,127.06,33.33,50.2
2021-04-07 13:20:00,126.995,127.065,126.855,126.875,127.07,127.0,16.67,45.24
2021-04-07 13:25:00,126.875,127.075,126.865,127.055,127.07,127.02,32.26,39.88
2021-04-07 13:30:00,127.055,127.155,126.945,127.155,127.09,127.06,48.39,38.34
2021-04-07 13:35:00,127.155,127.195,127.075,127.185,127.11,127.1,53.23,38.7
2021-04-07 13:40:00,127.185,127.225,127.145,127.195,127.13,127.13,54.84,38.97
2021-04-07 13:45:00,127.195,127.225,127.065,127.085,127.12,127.12,37.1,40.45
2021-04-07 13:50:00,127.085,127.215,127.085,127.185,127.13,127.14,53.23,39.4
2021-04-07 13:55:00,127.185,127.245,127.145,127.245,127.15,127.18,68.42,42.25
2021-04-07 14:00:00,127.245,127.475,127.245,127.415,127.2,127.26,90.32,49.64
2021-04-07 14:05:00,127.415,127.565,127.405,127.475,127.25,127.33,87.32,57.93
2021-04-07 14:10:00,127.475,127.635,127.475,127.635,127.32,127.43,100.0,63.49
2021-04-07 14:15:00,127.635,127.775,127.615,127.735,127.4,127.53,95.65,70.18
2021-04-07 14:20:00,127.735,127.765,127.595,127.635,127.44,127.56,84.78,76.01
2021-04-07 14:25:00,127.635,127.745,127.515,127.735,127.49,127.62,95.65,82.82
2021-04-07 14:30:00,127.735,127.745,127.525,127.565,127.5,127.6,77.17,88.88
2021-04-07 14:35:00,127.565,127.625,127.525,127.585,127.52,127.6,79.35,90.13
2021-04-07 14:40:00,127.585,127.645,127.565,127.595,127.53,127.6,80.43,88.56
2021-04-07 14:45:00,127.595,127.695,127.585,127.645,127.55,127.62,85.87,87.58
2021-04-07 14:50:00,127.645,127.735,127.585,127.685,127.57,127.64,90.22,85.56
2021-04-07 14:55:00,127.685,127.685,127.505,127.575,127.57,127.62,78.26,84.78
2021-04-07 15:00:00,127.575,127.755,127.545,127.755,127.6,127.66,97.83,83.85
2021-04-07 15:05:00,127.755,127.795,127.645,127.665,127.61,127.66,86.02,84.16
2021-04-07 15:10:00,127.665,127.685,127.555,127.605,127.61,127.64,77.65,85.43
2021-04-07 15:15:00,127.605,127.625,127.545,127.585,127.61,127.62,71.23,85.18
2021-04-07 15:20:00,127.585,127.695,127.535,127.555,127.6,127.6,67.12,83.87
2021-04-07 15:25:00,127.555,127.555,127.205,127.335,127.55,127.51,36.99,81.19
2021-04-07 15:30:00,127.335,127.425,127.265,127.415,127.53,127.48,46.48,73.59
2021-04-07 15:35:00,127.415,127.585,127.395,127.585,127.54,127.52,67.69,69.05
2021-04-07 15:40:00,127.585,127.595,127.445,127.485,127.53,127.51,47.46,64.74
2021-04-07 15:45:00,127.485,127.685,127.475,127.675,127.56,127.56,79.66,59.23
2021-04-07 15:50:00,127.675,127.685,127.475,127.615,127.57,127.58,69.49,59.52
2021-04-07 15:55:00,127.615,127.925,127.605,127.91,127.63,127.69,97.92,59.27
2021-04-08 09:30:00,128.955,129.515,128.515,129.315,127.94,128.23,91.34,63.67
2021-04-08 09:35:00,129.315,129.675,129.195,129.395,128.2,128.62,88.66,71.43
2021-04-08 09:40:00,129.395,129.465,129.115,129.305,128.4,128.85,85.02,77.46
2021-04-08 09:45:00,129.305,129.535,129.025,129.115,128.53,128.94,77.33,79.94
2021-04-08 09:50:00,129.115,129.605,129.075,129.525,128.71,129.14,93.93,84.2
2021-04-08 09:55:00,129.525,129.995,129.525,129.975,128.94,129.42,99.28,86.24
2021-04-08 10:00:00,129.975,130.065,129.725,129.795,129.1,129.54,90.56,90.5
2021-04-08 10:05:00,129.795,129.795,129.245,129.485,129.17,129.52,79.72,89.45
2021-04-08 10:10:00,129.485,129.645,129.255,129.335,129.2,129.46,74.48,87.79
2021-04-08 10:15:00,129.335,129.415,129.215,129.295,129.22,129.4,73.08,85.76
2021-04-08 10:20:00,129.295,129.515,129.225,129.495,129.27,129.43,80.07,84.05
2021-04-08 10:25:00,129.495,129.635,129.285,129.325,129.28,129.4,74.13,84.45
2021-04-08 10:30:00,129.325,129.615,129.315,129.535,129.33,129.44,81.47,81.62
2021-04-08 10:35:00,129.535,129.545,129.255,129.305,129.33,129.4,73.43,79.07
2021-04-08 10:40:00,129.305,129.475,129.245,129.465,129.35,129.42,78.57,76.63
2021-04-08 10:45:00,129.465,129.475,129.235,129.265,129.33,129.37,70.04,76.46
2021-04-08 10:50:00,129.265,129.275,129.025,129.075,129.28,129.27,62.21,75.83
2021-04-08 10:55:00,129.075,129.345,129.045,129.245,129.27,129.26,68.34,74.27
2021-04-08 11:00:00,129.245,129.355,129.105,129.235,129.26,129.25,67.95,72.6
2021-04-08 11:05:00,129.235,129.295,129.135,129.175,129.24,129.22,63.82,71.72
2021-04-08 11:10:00,129.175,129.255,129.115,129.235,129.24,129.22,46.45,69.19
2021-04-08 11:15:00,129.235,129.335,129.065,129.175,129.23,129.21,14.42,65.34
2021-04-08 11:20:00,129.175,129.455,129.135,129.445,129.27,129.29,40.38,56.18
2021-04-08 11:25:00,129.445,129.555,129.415,129.505,129.31,129.36,46.15,51.94
2021-04-08 11:30:00,129.505,129.655,129.455,129.505,129.35,129.41,46.15,49.64
2021-04-08 11:35:00,129.505,129.585,129.485,129.525,129.38,129.45,48.08,46.47
2021-04-08 11:40:00,129.525,129.525,129.415,129.445,129.39,129.45,40.38,43.64
2021-04-08 11:45:00,129.445,129.655,129.415,129.615,129.43,129.5,76.62,40.29
2021-04-08 11:50:00,129.615,129.665,129.565,129.615,129.46,129.54,92.19,44.6
2021-04-08 11:55:00,129.615,129.625,129.545,129.585,129.48,129.56,87.5,55.71
2021-04-08 12:00:00,129.585,129.625,129.515,129.545,129.49,129.56,81.25,62.44
2021-04-08 12:05:00,129.545,129.555,129.405,129.475,129.49,129.53,70.31,67.45
2021-04-08 12:10:00,129.475,129.665,129.425,129.655,129.52,129.57,98.44,70.9
2021-04-08 12:15:00,129.655,129.815,129.645,129.785,129.57,129.64,96.2,78.1
2021-04-08 12:20:00,129.785,129.805,129.625,129.775,129.61,129.68,94.94,86.07
2021-04-08 12:25:00,129.775,129.775,129.655,129.735,129.63,129.7,89.87,88.69
2021-04-08 12:30:00,129.735,129.845,129.735,129.785,129.66,129.73,92.68,88.36
2021-04-08 12:35:00,129.785,129.835,129.725,129.775,129.68,129.74,91.25,89.1
2021-04-08 12:40:00,129.775,129.835,129.645,129.795,129.7,129.76,93.59,90.53
2021-04-08 12:45:00,129.795,129.835,129.655,129.695,129.7,129.74,80.77,93.85
2021-04-08 12:50:00,129.695,129.855,129.675,129.815,129.72,129.77,94.94,91.33
2021-04-08 12:55:00,129.815,129.895,129.805,129.815,129.74,129.78,90.36,91.15
2021-04-08 13:00:00,129.815,129.975,129.755,129.975,129.78,129.84,100.0,90.49
2021-04-08 13:05:00,129.975,130.135,129.925,130.035,129.83,129.9,86.3,91.94
2021-04-08 13:10:00,130.035,130.035,129.905,129.925,129.85,129.91,71.23,91.03
2021-04-08 13:15:00,129.925,129.955,129.825,129.875,129.85,129.9,64.38,88.17
2021-04-08 13:20:00,129.875,129.975,129.875,129.925,129.86,129.91,71.23,84.0
2021-04-08 13:25:00,129.925,130.045,129.895,130.035,129.89,129.95,86.3,82.63
2021-04-08 13:30:00,130.035,130.265,130.035,130.195,129.95,130.03,91.86,81.4
2021-04-08 13:35:00,130.195,130.195,130.065,130.065,129.97,130.04,76.74,81.61
2021-04-08 13:40:00,130.065,130.065,129.815,129.855,129.95,129.98,52.33,78.29
2021-04-08 13:45:00,129.855,129.965,129.785,129.865,129.93,129.94,53.49,73.44
2021-04-08 13:50:00,129.865,129.875,129.745,129.775,129.9,129.88,41.67,70.9
2021-04-08 13:55:00,129.775,129.955,129.775,129.945,129.91,129.9,50.0,67.66
2021-04-08 14:00:00,129.945,130.085,129.915,130.065,129.94,129.96,68.75,64.63
2021-04-08 14:05:00,130.065,130.095,130.005,130.035,129.96,129.99,62.9,62.12
2021-04-08 14:10:00,130.035,130.115,130.005,130.045,129.98,130.01,64.52,57.98
2021-04-08 14:15:00,130.045,130.065,129.945,130.055,129.99,130.02,66.13,56.24
2021-04-08 14:20:00,130.055,130.135,130.035,130.125,130.01,130.06,77.42,58.21
2021-04-08 14:25:00,130.125,130.295,130.115,130.195,130.04,130.1,84.38,61.63
2021-04-08 14:30:00,130.195,130.325,130.175,130.265,130.08,130.16,90.77,67.73
2021-04-08 14:35:00,130.265,130.315,130.185,130.315,130.12,130.21,98.28,73.55
2021-04-08 14:40:00,130.315,130.385,130.295,130.295,130.15,130.24,85.94,77.77
2021-04-08 14:45:00,130.295,130.315,130.215,130.255,130.17,130.24,79.69,81.06
2021-04-08 14:50:00,130.255,130.255,130.085,130.175,130.17,130.22,67.19,83.23
2021-04-08 14:55:00,130.175,130.305,130.085,130.275,130.19,130.24,82.81,83.38
2021-04-08 15:00:00,130.275,130.285,130.155,130.165,130.19,130.22,65.62,84.15
2021-04-08 15:05:00,130.165,130.315,130.155,130.255,130.2,130.23,79.69,81.47
2021-04-08 15:10:00,130.255,130.285,130.135,130.205,130.2,130.22,71.88,79.89
2021-04-08 15:15:00,130.205,130.315,130.205,130.265,130.21,130.23,81.25,76.12
2021-04-08 15:20:00,130.265,130.325,130.095,130.095,130.19,130.18,54.69,75.45
2021-04-08 15:25:00,130.095,130.155,130.015,130.025,130.16,130.13,43.75,71.88
2021-04-08 15:30:00,130.025,130.075,129.92,129.955,130.12,130.07,32.81,68.53
2021-04-08 15:35:00,129.955,130.085,129.955,130.075,130.11,130.07,49.18,61.38
2021-04-08 15:40:00,130.075,130.225,130.075,130.215,130.13,130.12,63.83,59.04
2021-04-08 15:45:00,130.215,130.235,130.125,130.215,130.15,130.15,63.44,56.77
2021-04-08 15:50:00,130.215,130.245,130.075,130.225,130.16,130.18,65.59,55.56
2021-04-08 15:55:00,130.225,130.385,130.175,130.375,130.2,130.24,97.85,53.33
2021-04-09 09:30:00,129.865,130.195,129.565,129.615,130.09,130.03,6.1,59.49
2021-04-09 09:35:00,129.615,130.035,129.475,129.865,130.05,129.98,42.86,54.11
2021-04-09 09:40:00,129.865,130.25,129.645,130.235,130.08,130.06,83.52,55.55
2021-04-09 09:45:00,130.235,130.525,130.075,130.525,130.16,130.22,100.0,60.46
2021-04-09 09:50:00,130.525,130.755,130.425,130.675,130.25,130.37,93.75,65.62
2021-04-09 09:55:00,130.675,131.055,130.615,130.855,130.36,130.53,87.34,69.95
2021-04-09 10:00:00,130.855,130.985,130.675,130.945,130.47,130.67,93.04,73.06
2021-04-09 10:05:00,130.945,130.975,130.755,130.805,130.53,130.72,84.18,72.37
2021-04-09 10:10:00,130.805,131.195,130.805,131.045,130.62,130.83,91.28,83.53
2021-04-09 10:15:00,131.045,131.395,131.035,131.335,130.75,131.0,96.87,90.44
2021-04-09 10:20:00,131.335,131.355,131.105,131.21,130.83,131.07,90.36,92.35
2021-04-09 10:25:00,131.21,131.295,130.985,131.025,130.87,131.06,80.73,90.97
2021-04-09 10:30:00,131.025,131.195,130.995,131.175,130.93,131.1,88.54,89.11
2021-04-09 10:35:00,131.175,131.425,131.175,131.255,130.99,131.15,91.28,89.29
2021-04-09 10:40:00,131.255,131.355,131.065,131.085,131.01,131.13,82.56,89.03
2021-04-09 10:45:00,131.085,131.155,130.935,131.095,131.03,131.12,83.08,88.8
2021-04-09 10:50:00,131.095,131.165,130.795,130.875,131.0,131.04,71.79,87.63
2021-04-09 10:55:00,130.875,130.925,130.715,130.775,130.96,130.95,66.67,84.05
2021-04-09 11:00:00,130.775,130.955,130.535,130.575,130.89,130.82,56.41,80.66
2021-04-09 11:05:00,130.575,130.725,130.545,130.725,130.86,130.79,64.1,77.19
2021-04-09 11:10:00,130.725,130.885,130.605,130.855,130.86,130.81,70.77,73.7
2021-04-09 11:15:00,130.855,131.075,130.845,131.065,130.9,130.9,81.54,70.77
2021-04-09 11:20:00,131.065,131.205,131.045,131.085,130.93,130.96,80.9,70.62
2021-04-09 11:25:00,131.085,131.105,130.975,130.985,130.94,130.97,67.41,70.31
2021-04-09 11:30:00,130.985,131.355,130.925,131.345,131.01,131.1,92.0,69.69
2021-04-09 11:35:00,131.345,131.355,131.165,131.245,131.05,131.15,79.78,73.3
2021-04-09 11:40:00,131.245,131.415,131.245,131.315,131.1,131.21,87.64,76.64
2021-04-09 11:45:00,131.315,131.365,131.225,131.255,131.13,131.22,80.9,80.01
2021-04-09 11:50:00,131.255,131.515,131.255,131.495,131.2,131.31,97.96,81.45
2021-04-09 11:55:00,131.495,131.545,131.355,131.435,131.24,131.35,89.11,83.8
2021-04-09 12:00:00,131.435,131.535,131.375,131.525,131.29,131.41,98.02,84.97
2021-04-09 12:05:00,131.525,131.545,131.335,131.345,131.3,131.39,80.2,89.34
2021-04-09 12:10:00,131.345,131.415,131.275,131.355,131.31,131.38,81.19,87.66
2021-04-09 12:15:00,131.355,131.405,131.295,131.335,131.31,131.36,79.21,87.86
2021-04-09 12:20:00,131.335,131.485,131.285,131.485,131.34,131.4,94.06,86.66
2021-04-09 12:25:00,131.485,131.485,131.375,131.425,131.36,131.41,88.12,88.54
2021-04-09 12:30:00,131.425,131.435,131.325,131.395,131.37,131.4,85.15,87.13
2021-04-09 12:35:00,131.395,131.585,131.345,131.575,131.41,131.46,99.05,86.56
2021-04-09 12:40:00,131.575,131.625,131.495,131.605,131.45,131.51,98.17,86.71
2021-04-09 12:45:00,131.605,131.705,131.555,131.635,131.48,131.55,93.97,89.28
2021-04-09 12:50:00,131.635,131.665,131.525,131.645,131.51,131.58,94.55,91.1
2021-04-09 12:55:00,131.645,131.805,131.625,131.775,131.56,131.65,96.87,93.3
2021-04-09 13:00:00,131.775,131.885,131.735,131.835,131.61,131.71,94.79,93.7
2021-04-09 13:05:00,131.835,131.965,131.805,131.955,131.67,131.79,99.04,94.65
2021-04-09 13:10:00,131.955,132.095,131.935,132.035,131.74,131.87,94.87,96.63
2021-04-09 13:15:00,132.035,132.185,132.015,132.175,131.82,131.97,99.02,96.04
2021-04-09 13:20:00,132.175,132.305,132.125,132.145,131.88,132.03,85.19,96.16
2021-04-09 13:25:00,132.145,132.145,132.005,132.065,131.91,132.04,77.78,94.9
2021-04-09 13:30:00,132.065,132.385,132.015,132.365,131.99,132.15,98.23,92.51
2021-04-09 13:35:00,132.365,132.38,132.275,132.375,132.06,132.22,99.1,92.7
2021-04-09 13:40:00,132.375,132.495,132.365,132.455,132.13,132.3,96.72,93.32
2021-04-09 13:45:00,132.455,132.625,132.435,132.505,132.2,132.37,91.11,92.99
2021-04-09 13:50:00,132.505,132.575,132.325,132.355,132.23,132.36,80.0,92.45
2021-04-09 13:55:00,132.355,132.535,132.355,132.405,132.26,132.38,83.58,89.73
2021-04-09 14:00:00,132.405,132.495,132.325,132.415,132.29,132.39,84.33,89.5
2021-04-09 14:05:00,132.415,132.415,132.195,132.215,132.28,132.33,68.46,90.44
2021-04-09 14:10:00,132.215,132.275,132.145,132.265,132.28,132.31,72.31,86.19
2021-04-09 14:15:00,132.265,132.355,132.225,132.335,132.29,132.32,77.34,82.36
2021-04-09 14:20:00,132.335,132.355,132.185,132.195,132.27,132.28,61.95,79.59
2021-04-09 14:25:00,132.195,132.195,132.065,132.075,132.23,132.21,50.0,75.42
2021-04-09 14:30:00,132.075,132.225,132.015,132.215,132.23,132.21,62.73,71.14
2021-04-09 14:35:00,132.215,132.305,132.145,132.275,132.24,132.23,65.0,68.16
2021-04-09 14:40:00,132.275,132.325,132.145,132.155,132.22,132.2,47.19,65.4
2021-04-09 14:45:00,132.155,132.305,132.155,132.275,132.23,132.22,57.32,62.36
2021-04-09 14:50:00,132.275,132.385,132.205,132.375,132.26,132.27,63.77,60.22
2021-04-09 14:55:00,132.375,132.395,132.225,132.265,132.26,132.27,41.94,58.28
2021-04-09 15:00:00,132.265,132.265,132.085,132.115,132.23,132.22,17.74,55.42
2021-04-09 15:05:00,132.115,132.135,131.905,131.965,132.18,132.14,8.33,50.81
2021-04-09 15:10:00,131.965,132.215,131.945,132.215,132.19,132.16,43.06,43.04
2021-04-09 15:15:00,132.215,132.34,132.175,132.245,132.2,132.19,47.22,39.91
2021-04-09 15:20:00,132.245,132.515,132.235,132.475,132.25,132.28,79.17,39.91
2021-04-09 15:25:00,132.475,132.555,132.405,132.525,132.3,132.36,86.11,43.03
2021-04-09 15:30:00,132.525,132.605,132.415,132.605,132.36,132.44,100.0,46.22
2021-04-09 15:35:00,132.605,132.775,132.595,132.675,132.42,132.52,88.51,54.52
2021-04-09 15:40:00,132.675,132.695,132.555,132.555,132.44,132.53,74.71,64.63
2021-04-09 15:45:00,132.555,132.735,132.505,132.725,132.49,132.6,94.25,74.11
2021-04-09 15:50:00,132.725,132.995,132.625,132.945,132.57,132.72,95.41,81.42
2021-04-09 15:55:00,132.945,132.995,132.865,132.995,132.65,132.81,100.0,88.31
2021-04-12 09:30:00,132.575,132.855,131.83,131.86,132.51,132.49,2.58,91.28
2021-04-12 09:35:00,131.86,132.675,131.735,132.465,132.5,132.48,57.94,79.35
2021-04-12 09:40:00,132.465,132.54,131.935,132.075,132.42,132.34,26.98,73.34
2021-04-12 09:45:00,132.075,132.375,131.885,131.925,132.33,132.2,15.08,64.55
2021-04-12 09:50:00,131.925,132.055,131.375,131.395,132.16,131.93,1.23,56.03
2021-04-12 09:55:00,131.395,131.685,131.375,131.645,132.07,131.84,16.67,42.75
2021-04-12 10:00:00,131.645,131.995,131.605,131.995,132.06,131.89,38.27,31.5
2021-04-12 10:05:00,131.995,132.015,131.725,131.775,132.01,131.85,24.69,22.68
2021-04-12 10:10:00,131.775,131.845,131.555,131.685,131.95,131.79,19.14,25.84
2021-04-12 10:15:00,131.685,132.025,131.605,132.015,131.96,131.86,39.51,20.29
2021-04-12 10:20:00,132.015,132.235,132.005,132.105,131.99,131.94,45.06,22.08
2021-04-12 10:25:00,132.105,132.165,131.825,131.885,131.97,131.92,31.48,26.37
2021-04-12 10:30:00,131.885,131.925,131.735,131.745,131.93,131.86,22.84,30.69
2021-04-12 10:35:00,131.745,131.765,131.345,131.455,131.84,131.73,6.67,31.57
2021-04-12 10:40:00,131.455,131.455,131.055,131.155,131.72,131.54,5.15,27.06
2021-04-12 10:45:00,131.155,131.415,131.135,131.345,131.65,131.48,14.95,24.26
2021-04-12 10:50:00,131.345,131.465,131.255,131.365,131.6,131.44,15.98,23.67
2021-04-12 10:55:00,131.365,131.455,131.165,131.175,131.52,131.35,6.19,20.3
2021-04-12 11:00:00,131.175,131.335,131.125,131.285,131.48,131.33,11.86,14.75
2021-04-12 11:05:00,131.285,131.425,131.225,131.335,131.45,131.33,14.43,11.95
2021-04-12 11:10:00,131.335,131.335,131.185,131.255,131.41,131.3,11.11,10.75
2021-04-12 11:15:00,131.255,131.365,131.095,131.325,131.39,131.31,16.67,11.38
2021-04-12 11:20:00,131.325,131.39,131.165,131.205,131.36,131.28,10.1,13.03
2021-04-12 11:25:00,131.205,131.215,131.075,131.205,131.33,131.26,11.36,12.33
2021-04-12 11:30:00,131.205,131.255,131.025,131.045,131.28,131.19,1.65,11.67
2021-04-12 11:35:00,131.045,131.045,130.735,130.805,131.19,131.06,4.67,11.03
2021-04-12 11:40:00,130.805,130.945,130.635,130.935,131.14,131.02,18.75,10.0
2021-04-12 11:45:00,130.935,130.945,130.725,130.765,131.07,130.94,8.12,10.62
2021-04-12 11:50:00,130.765,130.935,130.675,130.925,131.04,130.94,18.13,10.19
2021-04-12 11:55:00,130.925,131.015,130.895,130.975,131.03,130.95,21.25,10.4
2021-04-12 12:00:00,130.975,131.085,130.945,131.075,131.04,130.99,27.5,11.99
2021-04-12 12:05:00,131.075,131.185,131.025,131.045,131.04,131.01,26.8,14.3
2021-04-12 12:10:00,131.045,131.105,130.955,131.045,131.04,131.02,31.78,17.89
2021-04-12 12:15:00,131.045,131.045,130.845,130.905,131.02,130.98,23.89,21.76
2021-04-12 12:20:00,130.905,131.045,130.885,131.005,131.02,130.99,44.58,22.5
2021-04-12 12:25:00,131.005,131.305,131.005,131.275,131.07,131.08,77.11,27.7
2021-04-12 12:30:00,131.275,131.395,131.205,131.395,131.13,131.18,91.57,36.13
2021-04-12 12:35:00,131.395,131.415,131.275,131.345,131.17,131.24,86.59,46.18
2021-04-12 12:40:00,131.345,131.475,131.335,131.455,131.22,131.31,97.62,54.62
2021-04-12 12:45:00,131.455,131.505,131.365,131.435,131.26,131.35,91.95,64.73
2021-04-12 12:50:00,131.435,131.615,131.435,131.605,131.32,131.44,98.98,73.33
2021-04-12 12:55:00,131.605,131.855,131.605,131.845,131.42,131.57,99.18,84.06
2021-04-12 13:00:00,131.845,132.075,131.845,132.045,131.53,131.73,97.92,91.86
2021-04-12 13:05:00,132.045,132.095,131.895,132.045,131.62,131.83,96.58,94.83
2021-04-12 13:10:00,132.045,132.265,132.005,132.185,131.72,131.95,95.09,95.55
2021-04-12 13:15:00,132.185,132.205,131.845,131.885,131.75,131.93,76.69,96.76
2021-04-12 13:20:00,131.885,131.945,131.725,131.735,131.75,131.86,67.48,93.77
2021-04-12 13:25:00,131.735,131.855,131.715,131.795,131.76,131.84,70.44,90.27
2021-04-12 13:30:00,131.795,131.865,131.715,131.785,131.76,131.82,69.81,86.2
2021-04-12 13:35:00,131.785,131.805,131.675,131.775,131.76,131.8,65.49,82.0
2021-04-12 13:40:00,131.775,131.845,131.715,131.735,131.76,131.78,62.68,77.37
2021-04-12 13:45:00,131.735,131.935,131.735,131.895,131.78,131.82,73.94,72.53
2021-04-12 13:50:00,131.895,131.905,131.655,131.745,131.77,131.79,63.38,69.5
2021-04-12 13:55:00,131.745,131.805,131.455,131.505,131.72,131.7,46.48,67.6
2021-04-12 14:00:00,131.505,131.645,131.44,131.555,131.69,131.65,48.55,64.6
2021-04-12 14:05:00,131.555,131.795,131.515,131.745,131.7,131.68,58.73,61.48
2021-04-12 14:10:00,131.745,131.825,131.725,131.765,131.71,131.71,52.83,59.89
2021-04-12 14:15:00,131.765,131.795,131.605,131.635,131.7,131.68,36.36,58.08
2021-04-12 14:20:00,131.635,131.675,131.515,131.525,131.67,131.63,20.43,54.32
2021-04-12 14:25:00,131.525,131.585,131.445,131.535,131.65,131.6,18.89,46.68
2021-04-12 14:30:00,131.535,131.605,131.425,131.425,131.61,131.54,0.0,40.32
2021-04-12 14:35:00,131.425,131.465,131.335,131.345,131.56,131.48,1.08,33.68
2021-04-12 14:40:00,131.345,131.405,131.235,131.235,131.5,131.4,0.0,26.9
2021-04-12 14:45:00,131.235,131.285,131.165,131.245,131.45,131.35,7.27,18.51
2021-04-12 14:50:00,131.245,131.245,131.045,131.085,131.38,131.26,3.28,12.0
2021-04-12 14:55:00,131.085,131.095,130.925,131.015,131.31,131.18,7.03,7.28
2021-04-12 15:00:00,131.015,131.015,130.855,130.995,131.25,131.12,12.84,5.36
2021-04-12 15:05:00,130.995,131.205,130.995,131.195,131.24,131.15,31.48,4.5
2021-04-12 15:10:00,131.195,131.275,131.115,131.175,131.23,131.16,29.63,9.0
2021-04-12 15:15:00,131.175,131.335,131.085,131.335,131.25,131.22,44.44,13.08
2021-04-12 15:20:00,131.335,131.495,131.325,131.465,131.29,131.3,56.48,19.42
2021-04-12 15:25:00,131.465,131.465,131.265,131.305,131.29,131.3,41.67,26.45
2021-04-12 15:30:00,131.305,131.325,131.145,131.155,131.27,131.25,28.57,31.94
2021-04-12 15:35:00,131.155,131.325,131.125,131.265,131.27,131.26,42.27,35.02
2021-04-12 15:40:00,131.265,131.405,131.255,131.385,131.29,131.3,54.64,39.22
2021-04-12 15:45:00,131.385,131.495,131.315,131.325,131.3,131.31,48.45,42.53
2021-04-12 15:50:00,131.325,131.525,131.295,131.305,131.3,131.31,46.39,45.22
2021-04-12 15:55:00,131.305,131.395,131.225,131.255,131.29,131.29,42.55,45.5
2021-04-13 09:30:00,132.48,132.54,131.93,132.225,131.46,131.6,81.31,43.51
2021-04-13 09:35:00,132.225,132.97,132.205,132.96,131.73,132.05,99.53,49.17
2021-04-13 09:40:00,132.96,133.545,132.96,133.275,132.01,132.46,89.96,59.31
2021-04-13 09:45:00,133.275,133.685,133.165,133.38,132.26,132.77,89.22,66.12
2021-04-13 09:50:00,133.38,133.435,133.085,133.375,132.46,132.97,89.05,71.06
2021-04-13 09:55:00,133.375,133.415,133.045,133.115,132.58,133.02,79.86,76.86
2021-04-13 10:00:00,133.115,133.165,132.77,132.775,132.62,132.94,67.84,81.64
2021-04-13 10:05:00,132.775,133.195,132.775,133.185,132.72,133.02,82.33,85.25
2021-04-13 10:10:00,133.185,133.235,133.065,133.085,132.79,133.04,78.8,85.4
2021-04-13 10:15:00,133.085,133.295,133.055,133.195,132.86,133.09,81.78,82.44
2021-04-13 10:20:00,133.195,133.195,132.835,132.945,132.88,133.04,71.54,81.27
2021-04-13 10:25:00,132.945,133.345,132.915,133.315,132.96,133.13,85.77,78.74
2021-04-13 10:30:00,133.315,133.495,133.315,133.395,133.04,133.22,88.67,78.27
2021-04-13 10:35:00,133.395,133.595,133.295,133.595,133.14,133.34,96.48,79.53
2021-04-13 10:40:00,133.595,133.645,133.465,133.495,133.2,133.39,92.58,83.62
2021-04-13 10:45:00,133.495,133.545,133.385,133.415,133.24,133.4,89.45,85.09
2021-04-13 10:50:00,133.415,133.435,133.095,133.115,133.22,133.3,76.83,86.61
2021-04-13 10:55:00,133.115,133.225,133.095,133.155,133.21,133.25,78.46,85.9
2021-04-13 11:00:00,133.155,133.435,133.125,133.295,133.23,133.26,84.15,86.89
2021-04-13 11:05:00,133.295,133.385,133.185,133.335,133.25,133.28,85.77,86.66
2021-04-13 11:10:00,133.335,133.335,133.095,133.115,133.23,133.22,67.52,86.25
2021-04-13 11:15:00,133.115,133.235,133.025,133.175,133.22,133.21,65.54,82.11
2021-04-13 11:20:00,133.175,133.225,133.015,133.025,133.18,133.15,27.87,78.25
2021-04-13 11:25:00,133.025,133.085,132.915,133.015,133.15,133.1,26.78,69.45
2021-04-13 11:30:00,133.015,133.185,133.015,133.085,133.14,133.1,36.0,62.3
2021-04-13 11:35:00,133.085,133.085,132.825,132.955,133.11,133.05,21.14,56.23
2021-04-13 11:40:00,132.955,133.095,132.925,133.035,133.1,133.05,30.29,47.23
2021-04-13 11:45:00,133.035,133.125,132.935,132.965,133.08,133.02,21.84,39.31
2021-04-13 11:50:00,132.965,132.975,132.855,132.885,133.04,132.98,7.32,32.78
2021-04-13 11:55:00,132.885,133.065,132.855,133.055,133.04,133.0,28.05,24.46
2021-04-13 12:00:00,133.055,133.295,133.005,133.095,133.05,133.03,32.93,24.49
2021-04-13 12:05:00,133.095,133.345,133.025,133.265,133.09,133.11,53.66,25.37
2021-04-13 12:10:00,133.265,134.025,133.255,134.005,133.26,133.41,98.33,27.89
2021-04-13 12:15:00,134.005,134.325,133.825,134.115,133.42,133.65,86.0,38.92
2021-04-13 12:20:00,134.115,134.275,133.955,134.045,133.53,133.78,81.33,46.88
2021-04-13 12:25:00,134.045,134.135,133.925,134.085,133.63,133.88,84.0,55.37
2021-04-13 12:30:00,134.085,134.335,134.085,134.215,133.74,133.99,92.05,66.33
2021-04-13 12:35:00,134.215,134.265,134.135,134.2,133.82,134.06,91.06,75.47
2021-04-13 12:40:00,134.2,134.215,134.045,134.155,133.88,134.09,88.08,83.78
2021-04-13 12:45:00,134.155,134.655,134.155,134.575,134.01,134.25,95.63,88.69
2021-04-13 12:50:00,134.575,134.615,134.245,134.275,134.06,134.26,79.23,88.31
2021-04-13 12:55:00,134.275,134.275,134.095,134.135,134.07,134.22,71.58,87.34
2021-04-13 13:00:00,134.135,134.425,134.095,134.315,134.11,134.25,81.42,85.95
2021-04-13 13:05:00,134.315,134.405,134.195,134.315,134.15,134.27,81.42,85.58
2021-04-13 13:10:00,134.315,134.415,134.245,134.335,134.18,134.29,82.51,84.06
2021-04-13 13:15:00,134.335,134.425,134.305,134.335,134.21,134.3,82.51,82.84
2021-04-13 13:20:00,134.335,134.335,134.165,134.235,134.21,134.28,76.67,82.04
2021-04-13 13:25:00,134.235,134.265,134.115,134.125,134.19,134.23,70.56,79.33
2021-04-13 13:30:00,134.125,134.225,134.075,134.185,134.19,134.22,73.89,78.1
2021-04-13 13:35:00,134.185,134.325,134.145,134.235,134.2,134.22,76.67,78.43
2021-04-13 13:40:00,134.235,134.525,134.235,134.455,134.25,134.3,87.88,77.75
2021-04-13 13:45:00,134.455,134.485,134.365,134.465,134.29,134.36,88.34,78.67
2021-04-13 13:50:00,134.465,134.465,134.325,134.415,134.31,134.38,82.86,79.5
2021-04-13 13:55:00,134.415,134.415,134.255,134.275,134.3,134.34,54.22,79.55
2021-04-13 14:00:00,134.275,134.285,134.185,134.205,134.28,134.3,38.36,76.35
2021-04-13 14:05:00,134.205,134.215,134.085,134.155,134.26,134.25,31.51,71.75
2021-04-13 14:10:00,134.155,134.245,134.055,134.225,134.25,134.24,29.51,65.69
2021-04-13 14:15:00,134.225,134.285,134.175,134.255,134.25,134.24,34.43,58.95
2021-04-13 14:20:00,134.255,134.275,134.205,134.235,134.25,134.24,31.15,51.32
2021-04-13 14:25:00,134.235,134.295,134.175,134.275,134.25,134.25,36.67,43.15
2021-04-13 14:30:00,134.275,134.455,134.255,134.435,134.28,134.31,67.86,36.55
2021-04-13 14:35:00,134.435,134.545,134.365,134.395,134.3,134.34,69.39,38.5
2021-04-13 14:40:00,134.395,134.515,134.365,134.455,134.33,134.38,81.63,42.93
2021-04-13 14:45:00,134.455,134.525,134.435,134.475,134.36,134.41,85.71,50.09
2021-04-13 14:50:00,134.475,134.515,134.375,134.465,134.38,134.43,83.67,58.12
2021-04-13 14:55:00,134.465,134.505,134.335,134.355,134.38,134.4,61.22,65.15
2021-04-13 15:00:00,134.355,134.42,134.285,134.295,134.36,134.36,48.98,69.45
2021-04-13 15:05:00,134.295,134.405,134.225,134.395,134.37,134.37,69.39,71.21
2021-04-13 15:10:00,134.395,134.535,134.395,134.445,134.38,134.4,79.59,71.43
2021-04-13 15:15:00,134.445,134.595,134.415,134.515,134.4,134.44,85.19,72.88
2021-04-13 15:20:00,134.515,134.575,134.425,134.495,134.42,134.46,81.48,73.39
2021-04-13 15:25:00,134.495,134.595,134.455,134.585,134.45,134.5,98.15,72.79
2021-04-13 15:30:00,134.585,134.595,134.435,134.485,134.46,134.5,79.63,74.86
2021-04-13 15:35:00,134.485,134.495,134.385,134.415,134.45,134.47,66.67,77.49
2021-04-13 15:40:00,134.415,134.545,134.385,134.505,134.46,134.48,83.33,80.01
2021-04-13 15:45:00,134.505,134.575,134.485,134.575,134.48,134.51,96.3,82.01
2021-04-13 15:50:00,134.575,134.595,134.395,134.505,134.48,134.51,83.33,84.39
2021-04-13 15:55:00,134.505,134.525,134.295,134.405,134.47,134.48,54.76,84.13
2021-04-14 09:30:00,134.935,134.99,133.585,133.695,134.33,134.22,7.83,80.31
2021-04-14 09:35:00,133.695,134.135,133.565,134.105,134.29,134.18,37.89,67.41
2021-04-14 09:40:00,134.105,134.395,133.885,134.305,134.29,134.22,51.93,61.44
2021-04-14 09:45:00,134.305,134.315,133.875,133.935,134.23,134.12,25.96,59.34
2021-04-14 09:50:00,133.935,133.965,133.455,133.685,134.13,133.98,14.98,51.14
2021-04-14 09:55:00,133.685,134.025,133.625,134.015,134.11,133.99,36.48,39.53
2021-04-14 10:00:00,134.015,134.015,133.585,133.865,134.07,133.95,26.71,32.83
2021-04-14 10:05:00,133.865,134.005,133.815,133.985,134.05,133.96,34.53,28.83
2021-04-14 10:10:00,133.985,134.035,133.665,133.715,133.99,133.88,16.94,32.64
2021-04-14 10:15:00,133.715,133.795,133.515,133.755,133.95,133.84,19.54,29.65
2021-04-14 10:20:00,133.755,133.955,133.615,133.705,133.91,133.8,16.29,25.02
2021-04-14 10:25:00,133.705,133.725,133.445,133.565,133.85,133.72,7.77,23.64
2021-04-14 10:30:00,133.565,133.875,133.565,133.755,133.83,133.73,20.06,22.61
2021-04-14 10:35:00,133.755,133.755,133.465,133.495,133.77,133.65,3.24,20.26
2021-04-14 10:40:00,133.495,133.665,133.355,133.455,133.71,133.58,6.12,16.91
2021-04-14 10:45:00,133.455,133.775,133.455,133.775,133.72,133.65,25.69,12.85
2021-04-14 10:50:00,133.775,133.825,133.515,133.575,133.69,133.62,13.46,14.1
2021-04-14 10:55:00,133.575,133.675,133.245,133.285,133.62,133.51,2.29,13.23
2021-04-14 11:00:00,133.285,133.475,133.085,133.105,133.53,133.38,1.05,11.23
2021-04-14 11:05:00,133.105,133.255,132.955,133.115,133.45,133.29,7.86,10.27
2021-04-14 11:10:00,133.115,133.235,133.035,133.155,133.4,133.24,9.83,8.53
2021-04-14 11:15:00,133.155,133.165,132.915,132.915,133.31,133.13,0.0,9.47
2021-04-14 11:20:00,132.915,132.955,132.575,132.735,133.21,133.0,8.79,8.6
2021-04-14 11:25:00,132.735,132.895,132.625,132.895,133.15,132.96,18.39,6.18
2021-04-14 11:30:00,132.895,132.995,132.825,132.965,133.12,132.96,26.71,6.89
2021-04-14 11:35:00,132.965,133.115,132.915,133.075,133.11,133.0,34.25,10.38
2021-04-14 11:40:00,133.075,133.235,133.045,133.235,133.13,133.08,45.21,15.12
2021-04-14 11:45:00,133.235,133.235,133.125,133.185,133.14,133.12,41.78,20.45
2021-04-14 11:50:00,133.185,133.295,133.185,133.185,133.15,133.14,41.78,25.02
2021-04-14 11:55:00,133.185,133.345,133.115,133.335,133.18,133.2,55.07,30.99
2021-04-14 12:00:00,133.335,133.335,133.075,133.075,133.16,133.16,36.23,37.6
2021-04-14 12:05:00,133.075,133.325,132.985,133.255,133.18,133.19,52.31,40.15
2021-04-14 12:10:00,133.255,133.315,133.125,133.155,133.18,133.18,44.62,43.8
2021-04-14 12:15:00,133.155,133.245,133.085,133.215,133.19,133.19,51.2,45.29
2021-04-14 12:20:00,133.215,133.385,133.205,133.275,133.21,133.22,56.0,46.14
2021-04-14 12:25:00,133.275,133.365,133.155,133.245,133.22,133.23,53.6,48.17
2021-04-14 12:30:00,133.245,133.345,133.175,133.275,133.23,133.24,56.0,49.86
2021-04-14 12:35:00,133.275,133.395,133.255,133.355,133.25,133.28,70.91,49.99
2021-04-14 12:40:00,133.355,133.565,133.335,133.515,133.3,133.36,94.95,54.95
2021-04-14 12:45:00,133.515,133.575,133.425,133.555,133.35,133.43,98.0,61.04
2021-04-14 12:50:00,133.555,133.615,133.515,133.575,133.39,133.48,96.15,68.67
2021-04-14 12:55:00,133.575,133.595,133.495,133.525,133.41,133.5,91.35,75.09
2021-04-14 13:00:00,133.525,133.525,133.295,133.325,133.39,133.44,72.12,80.14
2021-04-14 13:05:00,133.325,133.465,133.325,133.445,133.4,133.44,82.83,82.78
2021-04-14 13:10:00,133.445,133.575,133.415,133.505,133.42,133.46,86.08,86.62
2021-04-14 13:15:00,133.505,133.505,133.395,133.395,133.42,133.44,68.57,88.78
2021-04-14 13:20:00,133.395,133.455,133.305,133.385,133.41,133.42,63.49,85.01
2021-04-14 13:25:00,133.385,133.405,133.275,133.285,133.39,133.38,47.62,80.08
2021-04-14 13:30:00,133.285,133.305,133.035,133.035,133.33,133.26,7.94,73.15
2021-04-14 13:35:00,133.035,133.195,132.965,133.165,133.3,133.23,30.77,61.24
2021-04-14 13:40:00,133.165,133.185,133.055,133.065,133.26,133.17,15.38,55.33
2021-04-14 13:45:00,133.065,133.185,133.055,133.055,133.22,133.13,13.85,45.69
2021-04-14 13:50:00,133.055,133.105,133.005,133.065,133.19,133.11,15.38,35.37
2021-04-14 13:55:00,133.065,133.085,132.575,132.675,133.1,132.96,9.62,27.78
2021-04-14 14:00:00,132.675,132.695,132.085,132.215,132.94,132.71,8.5,20.08
2021-04-14 14:05:00,132.215,132.235,131.655,131.795,132.73,132.4,7.14,14.49
2021-04-14 14:10:00,131.795,132.255,131.735,132.255,132.64,132.35,30.61,14.38
2021-04-14 14:15:00,132.255,132.495,132.175,132.465,132.61,132.39,41.33,14.35
2021-04-14 14:20:00,132.465,132.835,132.455,132.835,132.65,132.54,60.2,18.06
2021-04-14 14:25:00,132.835,132.955,132.715,132.795,132.68,132.62,58.16,24.68
2021-04-14 14:30:00,132.795,132.885,132.635,132.705,132.68,132.65,53.57,30.79
2021-04-14 14:35:00,132.705,132.815,132.535,132.595,132.66,132.63,48.45,37.07
2021-04-14 14:40:00,132.595,132.835,132.595,132.715,132.67,132.66,55.21,42.78
2021-04-14 14:45:00,132.715,132.785,132.425,132.455,132.63,132.59,41.67,49.65
2021-04-14 14:50:00,132.455,132.485,132.265,132.315,132.57,132.5,34.38,51.23
2021-04-14 14:55:00,132.315,132.465,132.215,132.295,132.52,132.43,34.59,50.23
2021-04-14 15:00:00,132.295,132.41,132.105,132.355,132.49,132.4,38.89,46.58
2021-04-14 15:05:00,132.355,132.395,132.035,132.105,132.42,132.3,25.71,43.82
2021-04-14 15:10:00,132.105,132.425,132.015,132.405,132.42,132.34,45.45,39.84
2021-04-14 15:15:00,132.405,132.615,132.365,132.455,132.43,132.38,51.95,39.41
2021-04-14 15:20:00,132.455,132.565,132.32,132.515,132.45,132.42,56.21,38.95
2021-04-14 15:25:00,132.515,132.645,132.495,132.585,132.47,132.48,60.78,41.03
2021-04-14 15:30:00,132.585,132.635,132.385,132.445,132.47,132.47,54.48,44.8
2021-04-14 15:35:00,132.445,132.465,132.125,132.245,132.43,132.4,41.26,47.64
2021-04-14 15:40:00,132.245,132.295,132.075,132.215,132.39,132.34,43.08,47.98
2021-04-14 15:45:00,132.215,132.305,132.015,132.015,132.32,132.23,27.69,50.46
2021-04-14 15:50:00,132.015,132.225,131.935,131.985,132.26,132.15,20.49,47.92
2021-04-14 15:55:00,131.985,132.145,131.82,132.13,132.24,132.14,27.31,43.43
2021-04-15 09:30:00,133.835,134.495,133.65,134.015,132.56,132.76,82.06,39.3
2021-04-15 09:35:00,134.015,134.555,134.015,134.485,132.91,133.34,97.44,42.34
2021-04-15 09:40:00,134.485,134.655,134.185,134.295,133.16,133.66,87.3,48.48
2021-04-15 09:45:00,134.295,134.775,134.295,134.765,133.45,134.03,99.66,55.05
2021-04-15 09:50:00,134.765,134.915,134.565,134.915,133.72,134.32,100.0,63.14
2021-04-15 09:55:00,134.915,134.955,134.185,134.36,133.84,134.33,81.02,73.47
2021-04-15 10:00:00,134.36,134.495,134.095,134.255,133.92,134.3,77.67,82.11
2021-04-15 10:05:00,134.255,134.505,134.075,134.495,134.02,134.36,85.33,89.31
2021-04-15 10:10:00,134.495,134.815,134.365,134.775,134.16,134.5,94.26,89.77
2021-04-15 10:15:00,134.775,134.935,134.735,134.905,134.3,134.64,98.41,89.32
2021-04-15 10:20:00,134.905,134.935,134.595,134.605,134.36,134.63,88.84,90.91
2021-04-15 10:25:00,134.605,134.945,134.595,134.935,134.46,134.73,99.36,89.36
2021-04-15 10:30:00,134.935,134.985,134.685,134.785,134.52,134.75,93.68,89.27
2021-04-15 10:35:00,134.785,134.895,134.645,134.825,134.58,134.78,94.94,91.08
2021-04-15 10:40:00,134.825,134.905,134.535,134.725,134.61,134.76,91.79,93.55
2021-04-15 10:45:00,134.725,134.745,134.425,134.545,134.6,134.69,86.1,94.47
2021-04-15 10:50:00,134.545,134.575,134.285,134.485,134.58,134.62,84.2,93.3
2021-04-15 10:55:00,134.485,134.485,134.195,134.305,134.53,134.52,78.52,91.27
2021-04-15 11:00:00,134.305,134.695,134.255,134.635,134.55,134.56,88.94,89.8
2021-04-15 11:05:00,134.635,134.675,134.545,134.545,134.55,134.56,86.1,88.31
2021-04-15 11:10:00,134.545,134.645,134.385,134.465,134.53,134.53,61.05,87.23
2021-04-15 11:15:00,134.465,134.495,134.385,134.465,134.52,134.51,46.39,82.39
2021-04-15 11:20:00,134.465,134.535,134.365,134.365,134.49,134.46,31.87,75.9
2021-04-15 11:25:00,134.365,134.435,134.175,134.215,134.44,134.38,15.38,68.15
2021-04-15 11:30:00,134.215,134.325,134.155,134.265,134.41,134.34,20.88,58.32
2021-04-15 11:35:00,134.265,134.325,134.135,134.205,134.37,134.3,14.29,50.09
2021-04-15 11:40:00,134.205,134.245,134.055,134.205,134.34,134.27,16.13,39.42
2021-04-15 11:45:00,134.205,134.385,134.195,134.335,134.34,134.29,30.11,29.43
2021-04-15 11:50:00,134.335,134.375,134.255,134.375,134.35,134.32,34.41,25.01
2021-04-15 11:55:00,134.375,134.445,134.235,134.315,134.34,134.32,27.96,23.3
2021-04-15 12:00:00,134.315,134.355,134.115,134.165,134.31,134.27,11.83,22.74
2021-04-15 12:05:00,134.165,134.195,134.055,134.175,134.29,134.24,12.9,22.23
2021-04-15 12:10:00,134.175,134.195,133.975,133.985,134.23,134.16,0.99,21.09
2021-04-15 12:15:00,133.985,134.025,133.775,133.845,134.16,134.06,6.19,19.19
2021-04-15 12:20:00,133.845,133.995,133.785,133.945,134.12,134.02,15.04,17.77
2021-04-15 12:25:00,133.945,133.945,133.715,133.775,134.06,133.94,5.83,15.62
2021-04-15 12:30:00,133.775,134.045,133.705,134.035,134.06,133.97,33.33,11.53
2021-04-15 12:35:00,134.035,134.225,134.035,134.085,134.06,134.01,38.38,12.3
2021-04-15 12:40:00,134.085,134.345,134.055,134.335,134.11,134.12,63.64,16.09
2021-04-15 12:45:00,134.335,134.485,134.325,134.455,134.17,134.23,77.32,23.34
2021-04-15 12:50:00,134.455,134.585,134.345,134.365,134.21,134.28,70.21,34.25
2021-04-15 12:55:00,134.365,134.585,134.365,134.575,134.28,134.38,98.86,43.39
2021-04-15 13:00:00,134.575,134.665,134.455,134.495,134.32,134.42,82.29,55.37
2021-04-15 13:05:00,134.495,134.535,134.285,134.285,134.31,134.38,60.42,66.29
2021-04-15 13:10:00,134.285,134.425,134.275,134.345,134.32,134.37,66.67,70.16
2021-04-15 13:15:00,134.345,134.515,134.345,134.495,134.35,134.41,82.29,74.2
2021-04-15 13:20:00,134.495,134.535,134.325,134.515,134.38,134.44,84.37,76.87
2021-04-15 13:25:00,134.515,134.665,134.515,134.645,134.43,134.51,97.92,77.87
2021-04-15 13:30:00,134.645,134.755,134.595,134.655,134.47,134.56,90.48,81.83
2021-04-15 13:35:00,134.655,134.655,134.555,134.635,134.5,134.58,88.57,80.63
2021-04-15 13:40:00,134.635,134.705,134.615,134.695,134.54,134.62,94.29,81.53
2021-04-15 13:45:00,134.695,134.735,134.595,134.655,134.56,134.63,90.48,86.37
2021-04-15 13:50:00,134.655,134.685,134.545,134.595,134.57,134.62,84.76,89.77
2021-04-15 13:55:00,134.595,134.625,134.535,134.585,134.57,134.61,83.81,90.12
2021-04-15 14:00:00,134.585,134.645,134.525,134.645,134.58,134.62,89.52,90.04
2021-04-15 14:05:00,134.645,134.685,134.525,134.545,134.57,134.6,80.0,88.84
2021-04-15 14:10:00,134.545,134.585,134.435,134.435,134.55,134.54,69.52,87.35
2021-04-15 14:15:00,134.435,134.555,134.435,134.485,134.54,134.52,62.5,84.63
2021-04-15 14:20:00,134.485,134.505,134.355,134.375,134.51,134.47,45.71,80.08
2021-04-15 14:25:00,134.375,134.505,134.345,134.495,134.51,134.48,45.83,73.69
2021-04-15 14:30:00,134.495,134.585,134.385,134.495,134.51,134.48,45.83,68.13
2021-04-15 14:35:00,134.495,134.565,134.455,134.535,134.51,134.5,54.17,62.7
2021-04-15 14:40:00,134.535,134.535,134.335,134.365,134.48,134.46,18.75,57.65
2021-04-15 14:45:00,134.365,134.395,134.205,134.285,134.44,134.4,14.55,48.9
2021-04-15 14:50:00,134.285,134.365,134.205,134.215,134.4,134.34,1.82,41.05
2021-04-15 14:55:00,134.215,134.285,134.135,134.275,134.38,134.32,22.58,32.38
2021-04-15 15:00:00,134.275,134.325,134.205,134.315,134.37,134.32,29.03,29.08
2021-04-15 15:05:00,134.315,134.335,134.105,134.145,134.33,134.26,6.15,26.68
2021-04-15 15:10:00,134.145,134.155,133.955,134.055,134.28,134.19,12.5,21.01
2021-04-15 15:15:00,134.055,134.155,133.945,134.145,134.26,134.18,25.32,15.05
2021-04-15 15:20:00,134.145,134.165,134.015,134.075,134.23,134.15,16.46,15.99
2021-04-15 15:25:00,134.075,134.125,134.015,134.095,134.21,134.13,18.99,16.27
2021-04-15 15:30:00,134.095,134.175,133.995,134.075,134.19,134.11,17.57,18.72
2021-04-15 15:35:00,134.075,134.225,134.065,134.175,134.19,134.13,31.08,18.0
2021-04-15 15:40:00,134.175,134.345,134.055,134.345,134.22,134.2,54.05,18.3
2021-04-15 15:45:00,134.345,134.445,134.295,134.445,134.26,134.28,67.57,25.14
2021-04-15 15:50:00,134.445,134.495,134.365,134.475,134.3,134.34,82.81,33.01
2021-04-15 15:55:00,134.475,134.505,134.375,134.5,134.34,134.39,86.72,41.22
2021-04-16 09:30:00,134.435,134.65,133.72,133.895,134.26,134.22,18.82,51.26
2021-04-16 09:35:00,133.895,134.135,133.765,133.805,134.18,134.08,9.14,51.23
2021-04-16 09:40:00,133.805,134.135,133.775,134.025,134.15,134.06,32.8,50.03
2021-04-16 09:45:00,134.025,134.025,133.735,134.005,134.12,134.04,30.65,50.27
2021-04-16 09:50:00,134.005,134.045,133.545,133.56,134.02,133.88,1.36,46.93
2021-04-16 09:55:00,133.56,133.595,133.275,133.415,133.91,133.72,10.18,37.47
2021-04-16 10:00:00,133.415,133.855,133.365,133.815,133.89,133.75,39.27,27.1
2021-04-16 10:05:00,133.815,134.155,133.695,134.13,133.93,133.88,62.18,20.32
2021-04-16 10:10:00,134.13,134.425,134.065,134.285,133.99,134.01,73.45,26.51
2021-04-16 10:15:00,134.285,134.565,134.185,134.535,134.09,134.18,91.64,35.7
2021-04-16 10:20:00,134.535,134.585,134.365,134.425,134.15,134.26,83.64,44.1
2021-04-16 10:25:00,134.425,134.475,134.165,134.205,134.16,134.24,67.64,51.67
2021-04-16 10:30:00,134.205,134.315,134.065,134.115,134.15,134.2,61.09,61.14
2021-04-16 10:35:00,134.115,134.245,134.055,134.085,134.14,134.16,58.91,68.42
2021-04-16 10:40:00,134.085,134.345,133.955,134.275,134.16,134.2,72.73,71.22
2021-04-16 10:45:00,134.275,134.405,134.205,134.385,134.2,134.26,80.73,72.73
2021-04-16 10:50:00,134.385,134.385,134.165,134.215,134.2,134.24,68.36,73.77
2021-04-16 10:55:00,134.215,134.225,133.965,133.965,134.16,134.15,50.18,70.44
2021-04-16 11:00:00,133.965,134.045,133.835,133.945,134.12,134.08,48.73,65.66
2021-04-16 11:05:00,133.945,134.095,133.895,133.965,134.09,134.04,50.18,62.96
2021-04-16 11:10:00,133.965,134.055,133.875,133.885,134.05,133.99,44.36,61.4
2021-04-16 11:15:00,133.885,134.025,133.785,133.925,134.03,133.97,49.62,59.32
2021-04-16 11:20:00,133.925,134.045,133.875,133.905,134.01,133.95,48.09,56.02
2021-04-16 11:25:00,133.905,133.935,133.685,133.755,133.96,133.88,36.64,51.36
2021-04-16 11:30:00,133.755,133.895,133.755,133.815,133.93,133.86,41.22,46.83
2021-04-16 11:35:00,133.815,133.945,133.795,133.885,133.92,133.87,46.56,45.55
2021-04-16 11:40:00,133.885,133.925,133.805,133.835,133.9,133.86,38.52,45.24
2021-04-16 11:45:00,133.835,133.865,133.725,133.725,133.87,133.82,4.44,43.57
2021-04-16 11:50:00,133.725,133.775,133.675,133.735,133.85,133.79,6.59,37.87
2021-04-16 11:55:00,133.735,133.845,133.735,133.825,133.85,133.8,16.48,31.72
2021-04-16 12:00:00,133.825,133.945,133.805,133.805,133.84,133.8,14.29,27.21
2021-04-16 12:05:00,133.805,133.985,133.735,133.985,133.87,133.86,38.75,24.01
2021-04-16 12:10:00,133.985,133.985,133.875,133.915,133.88,133.88,32.88,23.66
2021-04-16 12:15:00,133.915,133.995,133.885,133.965,133.9,133.91,39.73,21.71
2021-04-16 12:20:00,133.965,134.105,133.915,134.065,133.93,133.96,53.42,21.88
2021-04-16 12:25:00,134.065,134.125,133.975,134.025,133.95,133.98,47.95,28.88
2021-04-16 12:30:00,134.025,134.075,133.955,134.015,133.96,133.99,47.89,34.79
2021-04-16 12:35:00,134.015,134.065,133.945,133.965,133.96,133.98,52.73,39.27
2021-04-16 12:40:00,133.965,133.975,133.855,133.905,133.95,133.95,51.11,44.76
2021-04-16 12:45:00,133.905,133.945,133.855,133.915,133.94,133.94,53.33,46.53
2021-04-16 12:50:00,133.915,133.915,133.815,133.865,133.93,133.92,42.22,49.45
2021-04-16 12:55:00,133.865,133.895,133.785,133.785,133.9,133.88,24.44,49.81
2021-04-16 13:00:00,133.785,133.915,133.775,133.855,133.89,133.87,40.0,45.67
2021-04-16 13:05:00,133.855,133.915,133.815,133.885,133.89,133.88,46.67,44.53
2021-04-16 13:10:00,133.885,133.905,133.725,133.735,133.86,133.83,13.33,44.36
2021-04-16 13:15:00,133.735,133.785,133.735,133.775,133.84,133.81,22.22,38.73
2021-04-16 13:20:00,133.775,133.785,133.705,133.705,133.82,133.78,6.67,34.6
2021-04-16 13:25:00,133.705,133.705,133.635,133.645,133.79,133.74,2.04,27.94
2021-04-16 13:30:00,133.645,133.705,133.585,133.605,133.76,133.7,3.7,22.2
2021-04-16 13:35:00,133.605,133.675,133.575,133.655,133.74,133.68,14.55,19.23
2021-04-16 13:40:00,133.655,133.745,133.605,133.735,133.74,133.7,29.09,15.6
2021-04-16 13:45:00,133.735,133.815,133.635,133.655,133.72,133.68,14.55,13.09
2021-04-16 13:50:00,133.655,133.655,133.565,133.565,133.69,133.64,0.0,13.26
2021-04-16 13:55:00,133.565,133.615,133.535,133.535,133.66,133.6,0.0,10.09
2021-04-16 14:00:00,133.535,133.775,133.515,133.775,133.68,133.66,42.62,9.13
2021-04-16 14:05:00,133.775,133.855,133.775,133.815,133.7,133.71,49.18,14.93
2021-04-16 14:10:00,133.815,133.945,133.765,133.895,133.74,133.77,67.86,21.43
2021-04-16 14:15:00,133.895,133.945,133.805,133.835,133.76,133.79,58.18,29.04
2021-04-16 14:20:00,133.835,133.905,133.775,133.885,133.78,133.82,80.43,33.2
2021-04-16 14:25:00,133.885,133.975,133.865,133.975,133.82,133.87,100.0,42.61
2021-04-16 14:30:00,133.975,134.025,133.945,133.975,133.85,133.9,90.2,56.9
2021-04-16 14:35:00,133.975,133.995,133.925,133.945,133.87,133.92,84.31,69.78
2021-04-16 14:40:00,133.945,134.065,133.945,133.995,133.89,133.94,87.27,75.74
2021-04-16 14:45:00,133.995,134.095,133.955,134.075,133.92,133.98,96.55,81.18
2021-04-16 14:50:00,134.075,134.115,134.025,134.045,133.94,134.0,88.33,85.28
2021-04-16 14:55:00,134.045,134.075,133.955,133.995,133.95,134.0,80.0,89.58
2021-04-16 15:00:00,133.995,134.085,133.905,133.915,133.94,133.97,66.67,89.52
2021-04-16 15:05:00,133.915,133.945,133.885,133.915,133.94,133.95,66.67,84.76
2021-04-16 15:10:00,133.915,133.985,133.905,133.985,133.95,133.96,78.33,81.4
2021-04-16 15:15:00,133.985,134.095,133.945,134.095,133.98,134.0,96.67,80.55
2021-04-16 15:20:00,134.095,134.175,134.055,134.145,134.01,134.05,95.45,81.89
2021-04-16 15:25:00,134.145,134.175,134.075,134.095,134.03,134.06,87.88,81.73
2021-04-16 15:30:00,134.095,134.115,134.005,134.065,134.04,134.06,83.33,81.67
2021-04-16 15:35:00,134.065,134.095,133.995,134.085,134.05,134.07,86.36,82.14
2021-04-16 15:40:00,134.085,134.125,133.985,133.985,134.04,134.04,71.21,84.96
2021-04-16 15:45:00,133.985,134.045,133.945,133.975,134.03,134.02,51.22,85.6
2021-04-16 15:50:00,133.975,134.155,133.975,134.095,134.04,134.05,80.49,81.73
2021-04-16 15:55:00,134.095,134.15,134.025,134.15,134.06,134.08,93.75,79.42
2021-04-19 09:30:00,133.495,134.705,133.34,134.475,134.14,134.21,83.15,79.18
2021-04-19 09:35:00,134.475,134.975,134.465,134.695,134.24,134.37,82.87,78.5
2021-04-19 09:40:00,134.695,135.275,134.665,135.205,134.42,134.65,96.38,78.44
2021-04-19 09:45:00,135.205,135.325,134.945,135.005,134.53,134.77,83.88,79.87
2021-04-19 09:50:00,135.005,135.125,134.755,135.085,134.63,134.88,87.91,81.68
2021-04-19 09:55:00,135.085,135.225,134.865,135.225,134.74,135.0,94.96,86.92
2021-04-19 10:00:00,135.225,135.465,134.875,135.035,134.79,135.01,79.76,88.99
2021-04-19 10:05:00,135.035,135.085,134.435,134.615,134.76,134.88,60.0,86.99
2021-04-19 10:10:00,134.615,134.735,134.365,134.615,134.73,134.79,60.0,83.68
2021-04-19 10:15:00,134.615,134.615,134.265,134.495,134.69,134.69,54.35,80.41
2021-04-19 10:20:00,134.495,134.665,134.465,134.625,134.68,134.67,60.47,74.41
2021-04-19 10:25:00,134.625,134.895,134.545,134.805,134.7,134.72,68.94,71.06
2021-04-19 10:30:00,134.805,135.185,134.795,135.175,134.79,134.87,86.35,68.35
2021-04-19 10:35:00,135.175,135.215,134.865,134.935,134.82,134.89,75.06,67.12
2021-04-19 10:40:00,134.935,134.995,134.665,134.675,134.79,134.82,62.82,66.45
2021-04-19 10:45:00,134.675,134.675,134.165,134.325,134.71,134.66,46.35,66.86
2021-04-19 10:50:00,134.325,134.625,134.295,134.555,134.68,134.62,57.18,64.91
2021-04-19 10:55:00,134.555,134.835,134.545,134.795,134.7,134.68,68.47,65.31
2021-04-19 11:00:00,134.795,134.855,134.635,134.805,134.72,134.72,68.94,66.45
2021-04-19 11:05:00,134.805,134.985,134.665,134.985,134.77,134.81,77.41,66.45
2021-04-19 11:10:00,134.985,135.075,134.765,135.06,134.82,134.89,80.94,65.18
2021-04-19 11:15:00,135.06,135.085,134.805,134.925,134.84,134.9,58.46,66.02
2021-04-19 11:20:00,134.925,134.985,134.745,134.795,134.83,134.86,48.46,65.39
2021-04-19 11:25:00,134.795,134.985,134.655,134.935,134.85,134.89,59.23,65.69
2021-04-19 11:30:00,134.935,134.945,134.405,134.465,134.78,134.75,23.08,65.99
2021-04-19 11:35:00,134.465,134.575,134.415,134.565,134.74,134.69,30.77,59.5
2021-04-19 11:40:00,134.565,134.715,134.335,134.345,134.67,134.57,13.85,54.05
2021-04-19 11:45:00,134.345,134.425,134.255,134.305,134.6,134.48,13.33,44.97
2021-04-19 11:50:00,134.305,134.595,134.265,134.545,134.59,134.5,36.19,35.31
2021-04-19 11:55:00,134.545,134.595,134.305,134.375,134.55,134.46,20.0,32.13
2021-04-19 12:00:00,134.375,134.435,134.085,134.145,134.48,134.36,5.31,28.06
2021-04-19 12:05:00,134.145,134.335,134.015,134.335,134.45,134.35,26.67,20.36
2021-04-19 12:10:00,134.335,134.385,134.175,134.225,134.41,134.31,17.5,20.87
2021-04-19 12:15:00,134.225,134.485,134.225,134.435,134.41,134.35,35.0,18.98
2021-04-19 12:20:00,134.435,134.535,134.345,134.365,134.4,134.35,32.71,22.0
2021-04-19 12:25:00,134.365,134.365,134.035,134.175,134.36,134.29,14.95,24.77
2021-04-19 12:30:00,134.175,134.195,133.895,134.045,134.3,134.21,12.61,21.73
2021-04-19 12:35:00,134.045,134.165,134.005,134.025,134.25,134.15,10.92,20.68
2021-04-19 12:40:00,134.025,134.055,133.715,133.885,134.18,134.06,12.41,21.48
2021-04-19 12:45:00,133.885,134.085,133.755,134.005,134.15,134.04,21.17,19.44
2021-04-19 12:50:00,134.005,134.125,133.925,134.015,134.13,134.03,21.9,19.97
2021-04-19 12:55:00,134.015,134.095,133.945,134.055,134.12,134.04,24.82,18.1
2021-04-19 13:00:00,134.055,134.285,133.965,134.285,134.15,134.12,44.88,16.97
2021-04-19 13:05:00,134.285,134.325,134.225,134.245,134.17,134.16,41.73,21.24
2021-04-19 13:10:00,134.245,134.495,134.225,134.495,134.23,134.27,63.41,25.4
2021-04-19 13:15:00,134.495,134.535,134.445,134.465,134.27,134.34,75.0,32.9
2021-04-19 13:20:00,134.465,134.505,134.375,134.445,134.3,134.38,73.0,41.84
2021-04-19 13:25:00,134.445,134.535,134.335,134.395,134.32,134.38,77.27,49.25
2021-04-19 13:30:00,134.395,134.485,134.305,134.425,134.34,134.4,80.68,57.16
2021-04-19 13:35:00,134.425,134.665,134.425,134.635,134.39,134.48,96.84,65.14
2021-04-19 13:40:00,134.635,134.655,134.505,134.535,134.42,134.5,86.32,72.56
2021-04-19 13:45:00,134.535,134.625,134.505,134.565,134.45,134.52,89.47,78.93
2021-04-19 13:50:00,134.565,134.625,134.475,134.545,134.47,134.53,87.37,82.65
2021-04-19 13:55:00,134.545,134.625,134.435,134.555,134.49,134.54,88.42,84.42
2021-04-19 14:00:00,134.555,134.615,134.485,134.535,134.5,134.54,86.32,86.62
2021-04-19 14:05:00,134.535,134.645,134.395,134.465,134.49,134.51,78.95,87.92
2021-04-19 14:10:00,134.465,134.505,134.415,134.475,134.49,134.5,80.0,87.67
2021-04-19 14:15:00,134.475,134.665,134.475,134.645,134.52,134.55,97.89,85.26
2021-04-19 14:20:00,134.645,134.815,134.565,134.755,134.56,134.62,94.55,86.92
2021-04-19 14:25:00,134.755,134.805,134.675,134.745,134.59,134.66,93.4,87.64
2021-04-19 14:30:00,134.745,134.755,134.575,134.615,134.59,134.65,77.53,88.5
2021-04-19 14:35:00,134.615,134.635,134.335,134.415,134.56,134.57,54.02,86.95
2021-04-19 14:40:00,134.415,134.525,134.345,134.435,134.54,134.52,55.29,82.33
2021-04-19 14:45:00,134.435,134.565,134.375,134.445,134.52,134.5,37.29,78.95
2021-04-19 14:50:00,134.445,134.505,134.335,134.465,134.51,134.49,40.68,72.85
2021-04-19 14:55:00,134.465,134.585,134.465,134.575,134.52,134.52,52.94,64.68
2021-04-19 15:00:00,134.575,134.575,134.415,134.505,134.52,134.52,39.22,58.74
2021-04-19 15:05:00,134.505,134.605,134.415,134.425,134.5,134.49,23.53,51.0
2021-04-19 15:10:00,134.425,134.525,134.355,134.425,134.49,134.47,23.53,43.28
2021-04-19 15:15:00,134.425,134.495,134.275,134.325,134.46,134.42,9.26,38.93
2021-04-19 15:20:00,134.325,134.435,134.255,134.355,134.44,134.4,17.86,32.35
2021-04-19 15:25:00,134.355,134.365,134.205,134.285,134.41,134.36,13.11,29.57
2021-04-19 15:30:00,134.285,134.355,134.145,134.265,134.38,134.33,17.91,25.64
2021-04-19 15:35:00,134.265,134.325,134.215,134.245,134.36,134.3,14.93,20.63
2021-04-19 15:40:00,134.245,134.485,134.225,134.435,134.37,134.34,43.28,17.16
2021-04-19 15:45:00,134.435,134.475,134.355,134.415,134.38,134.36,40.3,19.98
2021-04-19 15:50:00,134.415,134.575,134.365,134.495,134.4,134.4,52.24,22.38
2021-04-19 15:55:00,134.495,134.925,134.495,134.855,134.48,134.55,91.03,28.52
2021-04-20 09:30:00,135.04,135.425,134.7,134.77,134.53,134.62,48.83,38.97
2021-04-20 09:35:00,134.77,135.065,134.565,134.795,134.58,134.68,50.78,44.07
2021-04-20 09:40:00,134.795,134.825,134.435,134.625,134.59,134.66,37.5,48.77
2021-04-20 09:45:00,134.625,135.205,134.62,135.185,134.7,134.84,81.25,51.99
2021-04-20 09:50:00,135.185,135.345,135.005,135.135,134.78,134.94,77.34,57.42
2021-04-20 09:55:00,135.135,135.535,134.955,135.215,134.86,135.03,76.98,62.71
2021-04-20 10:00:00,135.215,135.435,134.925,134.935,134.87,135.0,56.83,66.24
2021-04-20 10:05:00,134.935,135.125,134.745,134.775,134.85,134.93,45.32,61.36
2021-04-20 10:10:00,134.775,134.905,134.445,134.525,134.79,134.8,27.34,60.86
2021-04-20 10:15:00,134.525,134.725,134.445,134.585,134.75,134.73,31.65,57.51
2021-04-20 10:20:00,134.585,134.655,134.465,134.635,134.73,134.7,35.25,56.67
2021-04-20 10:25:00,134.635,134.745,134.305,134.395,134.67,134.6,17.99,50.1
2021-04-20 10:30:00,134.395,134.435,134.195,134.335,134.61,134.51,13.67,41.62
2021-04-20 10:35:00,134.335,134.455,134.205,134.275,134.55,134.43,9.35,32.58
2021-04-20 10:40:00,134.275,134.305,133.855,133.915,134.43,134.26,3.57,25.8
2021-04-20 10:45:00,133.915,133.945,133.695,133.785,134.31,134.1,4.89,19.83
2021-04-20 10:50:00,133.785,133.865,133.495,133.625,134.19,133.94,6.37,16.62
2021-04-20 10:55:00,133.625,133.825,133.535,133.675,134.1,133.85,8.82,13.01
2021-04-20 11:00:00,133.675,133.765,133.495,133.755,134.04,133.82,12.75,9.24
2021-04-20 11:05:00,133.755,133.795,133.615,133.775,133.99,133.8,13.73,8.49
2021-04-20 11:10:00,133.775,133.795,133.555,133.625,133.92,133.74,6.37,8.5
2021-04-20 11:15:00,133.625,133.665,133.035,133.045,133.76,133.51,0.4,8.07
2021-04-20 11:20:00,133.045,133.085,132.515,132.585,133.55,133.2,2.32,7.62
2021-04-20 11:25:00,132.585,132.94,132.585,132.815,133.42,133.07,9.93,7.25
2021-04-20 11:30:00,132.815,132.885,132.625,132.655,133.28,132.93,4.64,7.76
2021-04-20 11:35:00,132.655,132.695,132.285,132.605,133.16,132.82,9.85,7.16
2021-04-20 11:40:00,132.605,132.905,132.535,132.895,133.11,132.84,19.37,6.75
2021-04-20 11:45:00,132.895,133.205,132.845,133.185,133.12,132.96,31.69,7.55
2021-04-20 11:50:00,133.185,133.335,133.055,133.335,133.16,133.08,40.08,11.17
2021-04-20 11:55:00,133.335,133.345,133.145,133.155,133.16,133.11,35.37,16.84
2021-04-20 12:00:00,133.155,133.435,133.115,133.405,133.2,133.21,45.53,21.56
2021-04-20 12:05:00,133.405,133.445,133.275,133.345,133.23,133.26,43.09,26.65
2021-04-20 12:10:00,133.345,133.455,133.295,133.405,133.26,133.31,51.61,32.14
2021-04-20 12:15:00,133.405,133.645,133.325,133.595,133.32,133.4,60.37,38.11
2021-04-20 12:20:00,133.595,133.735,133.555,133.715,133.39,133.5,70.79,43.96
2021-04-20 12:25:00,133.715,133.725,133.545,133.625,133.43,133.54,80.72,49.55
2021-04-20 12:30:00,133.625,133.665,133.445,133.445,133.43,133.51,73.42,55.35
2021-04-20 12:35:00,133.445,133.575,133.425,133.485,133.44,133.5,77.92,60.79
2021-04-20 12:40:00,133.485,133.485,133.265,133.315,133.42,133.44,68.21,65.42
2021-04-20 12:45:00,133.315,133.375,133.205,133.205,133.38,133.36,60.93,69.01
2021-04-20 12:50:00,133.205,133.535,133.205,133.355,133.38,133.36,70.86,70.34
2021-04-20 12:55:00,133.355,133.595,133.355,133.555,133.41,133.43,87.59,71.84
2021-04-20 13:00:00,133.555,133.825,133.285,133.625,133.45,133.5,87.01,74.24
2021-04-20 13:05:00,133.625,133.625,133.145,133.235,133.41,133.41,61.69,75.13
2021-04-20 13:10:00,133.235,133.255,133.065,133.095,133.35,133.3,52.6,73.46
2021-04-20 13:15:00,133.095,133.195,133.075,133.095,133.3,133.23,52.6,69.84
2021-04-20 13:20:00,133.095,133.205,132.545,132.595,133.17,133.02,4.65,67.61
2021-04-20 13:25:00,132.595,132.645,132.355,132.385,133.03,132.81,2.04,59.57
2021-04-20 13:30:00,132.385,132.745,132.375,132.595,132.95,132.74,16.33,49.74
2021-04-20 13:35:00,132.595,132.895,132.595,132.875,132.94,132.78,35.37,39.56
2021-04-20 13:40:00,132.875,132.895,132.715,132.845,132.92,132.8,33.33,32.18
2021-04-20 13:45:00,132.845,133.015,132.825,132.925,132.92,132.84,38.78,28.13
2021-04-20 13:50:00,132.925,133.11,132.835,133.055,132.94,132.91,47.62,26.16
2021-04-20 13:55:00,133.055,133.235,133.015,133.155,132.98,132.99,54.42,25.45
2021-04-20 14:00:00,133.155,133.165,132.685,132.815,132.95,132.93,31.29,32.56
2021-04-20 14:05:00,132.815,132.935,132.695,132.835,132.93,132.9,32.65,36.73
2021-04-20 14:10:00,132.835,132.995,132.765,132.965,132.94,132.92,41.5,39.07
2021-04-20 14:15:00,132.965,132.985,132.725,132.725,132.9,132.85,25.17,39.94
2021-04-20 14:20:00,132.725,132.865,132.685,132.765,132.88,132.82,27.89,38.78
2021-04-20 14:25:00,132.765,132.765,132.485,132.52,132.81,132.72,11.22,37.22
2021-04-20 14:30:00,132.52,132.565,132.115,132.125,132.69,132.52,0.58,32.02
2021-04-20 14:35:00,132.125,132.215,131.965,132.065,132.58,132.37,5.38,24.33
2021-04-20 14:40:00,132.065,132.185,132.035,132.115,132.5,132.28,8.06,20.63
2021-04-20 14:45:00,132.115,132.205,132.075,132.145,132.44,132.24,10.84,17.11
2021-04-20 14:50:00,132.145,132.355,132.105,132.185,132.39,132.22,17.05,12.73
2021-04-20 14:55:00,132.185,132.185,131.815,131.985,132.32,132.14,11.97,11.57
2021-04-20 15:00:00,131.985,132.285,131.985,132.25,132.31,132.18,30.63,9.3
2021-04-20 15:05:00,132.25,132.385,132.215,132.365,132.32,132.24,38.73,12.07
2021-04-20 15:10:00,132.365,132.515,132.285,132.455,132.34,132.31,45.07,17.52
2021-04-20 15:15:00,132.455,132.575,132.325,132.375,132.35,132.33,39.44,23.19
2021-04-20 15:20:00,132.375,132.635,132.365,132.605,132.4,132.42,55.63,27.68
2021-04-20 15:25:00,132.605,132.675,132.535,132.645,132.44,132.5,58.45,34.07
2021-04-20 15:30:00,132.645,132.735,132.545,132.715,132.49,132.57,63.38,39.99
2021-04-20 15:35:00,132.715,132.785,132.515,132.665,132.52,132.6,59.86,47.33
2021-04-20 15:40:00,132.665,132.925,132.645,132.925,132.59,132.71,82.22,51.51
2021-04-20 15:45:00,132.925,133.145,132.915,133.135,132.69,132.85,99.25,57.72
2021-04-20 15:50:00,133.135,133.195,132.965,133.165,132.78,132.95,97.83,65.46
2021-04-20 15:55:00,133.165,133.175,132.885,133.125,132.84,133.01,94.93,73.8
2021-04-21 09:30:00,132.37,133.055,132.08,132.105,132.71,132.71,21.01,79.42
2021-04-21 09:35:00,132.105,132.26,131.795,131.805,132.55,132.41,0.71,74.07
2021-04-21 09:40:00,131.805,131.805,131.305,131.625,132.38,132.15,16.93,65.12
2021-04-21 09:45:00,131.625,132.125,131.515,132.105,132.33,132.14,42.33,58.98
2021-04-21 09:50:00,132.105,132.375,132.075,132.275,132.32,132.18,51.32,53.28
2021-04-21 09:55:00,132.275,132.655,132.275,132.625,132.38,132.33,69.84,46.44
2021-04-21 10:00:00,132.625,132.635,132.225,132.315,132.37,132.33,53.44,42.44
2021-04-21 10:05:00,132.315,132.325,132.075,132.135,132.33,132.27,43.92,36.51
2021-04-21 10:10:00,132.135,132.355,132.025,132.105,132.29,132.22,42.33,39.78
2021-04-21 10:15:00,132.105,132.335,132.015,132.095,132.25,132.18,41.8,45.73
2021-04-21 10:20:00,132.095,132.295,131.915,132.295,132.26,132.22,52.38,49.28
2021-04-21 10:25:00,132.295,132.605,132.285,132.525,132.31,132.32,64.55,50.72
2021-04-21 10:30:00,132.525,132.525,132.195,132.215,132.29,132.28,48.15,52.61
2021-04-21 10:35:00,132.215,132.385,132.065,132.155,132.27,132.24,44.97,49.51
2021-04-21 10:40:00,132.155,132.295,132.055,132.225,132.26,132.24,48.68,48.3
2021-04-21 10:45:00,132.225,132.315,132.065,132.215,132.25,132.23,48.15,48.98
2021-04-21 10:50:00,132.215,132.215,132.005,132.075,132.22,132.18,40.74,49.81
2021-04-21 10:55:00,132.075,132.235,131.945,132.165,132.21,132.18,45.5,49.66
2021-04-21 11:00:00,132.165,132.435,132.085,132.375,132.24,132.24,56.61,48.68
2021-04-21 11:05:00,132.375,132.505,132.285,132.475,132.28,132.32,62.57,47.54
2021-04-21 11:10:00,132.475,132.845,132.365,132.795,132.37,132.48,85.14,49.6
2021-04-21 11:15:00,132.795,133.015,132.775,133.005,132.49,132.66,99.42,55.34
2021-04-21 11:20:00,133.005,133.305,133.005,133.125,132.61,132.82,91.0,62.59
2021-04-21 11:25:00,133.125,133.305,133.075,133.255,132.73,132.96,97.21,68.71
2021-04-21 11:30:00,133.255,133.425,133.155,133.395,132.85,133.11,98.01,76.78
2021-04-21 11:35:00,133.395,133.405,133.115,133.225,132.92,133.15,86.75,84.28
2021-04-21 11:40:00,133.225,133.345,133.185,133.265,132.98,133.19,89.4,88.59
2021-04-21 11:45:00,133.265,133.275,133.085,133.155,133.01,133.18,82.12,92.42
2021-04-21 11:50:00,133.155,133.295,133.115,133.265,133.06,133.21,89.4,91.99
2021-04-21 11:55:00,133.265,133.495,133.265,133.435,133.13,133.28,96.2,90.56
2021-04-21 12:00:00,133.435,133.435,133.235,133.235,133.15,133.27,83.54,91.3
2021-04-21 12:05:00,133.235,133.265,133.155,133.185,133.16,133.24,80.0,89.35
2021-04-21 12:10:00,133.185,133.225,133.085,133.195,133.17,133.22,80.65,86.77
2021-04-21 12:15:00,133.195,133.255,133.105,133.225,133.18,133.22,82.58,85.9
2021-04-21 12:20:00,133.225,133.275,133.145,133.155,133.18,133.2,78.06,84.93
2021-04-21 12:25:00,133.155,133.165,132.945,132.995,133.15,133.13,67.74,84.35
2021-04-21 12:30:00,132.995,133.085,132.875,132.915,133.11,133.06,62.58,81.25
2021-04-21 12:35:00,132.915,133.005,132.865,132.925,133.08,133.02,63.23,76.45
2021-04-21 12:40:00,132.925,133.025,132.875,133.025,133.07,133.02,66.67,73.55
2021-04-21 12:45:00,133.025,133.025,132.795,132.805,133.02,132.95,42.98,71.64
2021-04-21 12:50:00,132.805,133.025,132.805,132.945,133.01,132.95,51.33,66.26
2021-04-21 12:55:00,132.945,133.005,132.755,132.845,132.98,132.92,12.16,61.8
2021-04-21 13:00:00,132.845,132.965,132.815,132.945,132.97,132.93,25.68,52.38
2021-04-21 13:05:00,132.945,133.155,132.925,133.025,132.98,132.96,36.49,46.38
2021-04-21 13:10:00,133.025,133.165,133.005,133.115,133.0,133.01,48.65,42.65
2021-04-21 13:15:00,133.115,133.255,133.115,133.235,133.04,133.08,64.86,40.57
2021-04-21 13:20:00,133.235,133.255,133.115,133.215,133.07,133.12,62.16,40.31
2021-04-21 13:25:00,133.215,133.235,133.085,133.095,133.07,133.11,45.95,43.05
2021-04-21 13:30:00,133.095,133.245,133.095,133.155,133.09,133.12,54.05,42.28
2021-04-21 13:35:00,133.155,133.225,133.115,133.125,133.1,133.12,50.0,48.26
2021-04-21 13:40:00,133.125,133.175,133.095,133.125,133.1,133.12,54.41,51.74
2021-04-21 13:45:00,133.125,133.135,133.075,133.095,133.1,133.11,65.38,54.3
2021-04-21 13:50:00,133.095,133.135,133.015,133.025,133.09,133.08,51.92,56.69
2021-04-21 13:55:00,133.025,133.125,133.025,133.065,133.09,133.08,59.62,54.84
2021-04-21 14:00:00,133.065,133.245,133.055,133.215,133.11,133.12,88.46,54.48
2021-04-21 14:05:00,133.215,133.335,133.195,133.335,133.15,133.19,100.0,60.55
2021-04-21 14:10:00,133.335,133.395,133.295,133.365,133.19,133.25,95.31,67.11
2021-04-21 14:15:00,133.365,133.425,133.195,133.205,133.19,133.24,67.16,73.59
2021-04-21 14:20:00,133.205,133.235,133.065,133.075,133.17,133.18,47.76,75.41
2021-04-21 14:25:00,133.075,133.165,133.055,133.145,133.17,133.17,58.21,72.89
2021-04-21 14:30:00,133.145,133.215,133.105,133.205,133.18,133.18,67.16,73.79
2021-04-21 14:35:00,133.205,133.245,133.125,133.155,133.18,133.17,59.7,74.87
2021-04-21 14:40:00,133.155,133.195,133.085,133.095,133.16,133.14,45.9,70.76
2021-04-21 14:45:00,133.095,133.155,133.065,133.135,133.16,133.14,42.0,63.03
2021-04-21 14:50:00,133.135,133.205,133.095,133.205,133.17,133.16,47.62,55.41
2021-04-21 14:55:00,133.205,133.215,133.115,133.205,133.18,133.18,46.34,52.62
2021-04-21 15:00:00,133.205,133.235,133.125,133.195,133.18,133.18,43.9,52.42
2021-04-21 15:05:00,133.195,133.215,133.095,133.125,133.17,133.16,26.83,50.37
2021-04-21 15:10:00,133.125,133.355,133.095,133.315,133.2,133.21,73.17,44.61
2021-04-21 15:15:00,133.315,133.395,133.245,133.395,133.24,133.27,92.68,46.54
2021-04-21 15:20:00,133.395,133.415,133.325,133.355,133.26,133.3,82.93,53.22
2021-04-21 15:25:00,133.355,133.455,133.345,133.395,133.28,133.33,86.36,59.07
2021-04-21 15:30:00,133.395,133.615,133.395,133.585,133.34,133.42,95.0,64.6
2021-04-21 15:35:00,133.585,133.665,133.465,133.475,133.36,133.44,70.31,71.55
2021-04-21 15:40:00,133.475,133.675,133.475,133.655,133.41,133.51,96.77,75.33
2021-04-21 15:45:00,133.655,133.675,133.575,133.655,133.45,133.56,96.77,85.32
2021-04-21 15:50:00,133.655,133.745,133.515,133.545,133.47,133.56,71.01,88.69
2021-04-21 15:55:00,133.545,133.625,133.43,133.495,133.47,133.54,63.77,85.59
2021-04-22 09:30:00,132.97,133.255,132.705,132.835,133.35,133.3,12.5,82.86
2021-04-22 09:35:00,132.835,133.255,132.835,132.925,133.27,133.18,21.15,72.3
2021-04-22 09:40:00,132.925,133.095,132.765,132.845,133.19,133.07,13.46,61.75
2021-04-22 09:45:00,132.845,133.085,132.815,132.865,133.13,133.0,15.38,53.63
2021-04-22 09:50:00,132.865,132.955,132.615,132.675,133.05,132.89,5.31,42.01
2021-04-22 09:55:00,132.675,133.045,132.665,132.955,133.03,132.91,30.09,28.94
2021-04-22 10:00:00,132.955,132.955,132.615,132.785,132.99,132.87,15.04,23.09
2021-04-22 10:05:00,132.785,133.18,132.755,133.145,133.02,132.96,46.9,16.13
2021-04-22 10:10:00,133.145,133.245,133.025,133.185,133.05,133.04,50.44,21.05
2021-04-22 10:15:00,133.185,133.285,132.885,133.145,133.07,133.07,46.9,25.23
2021-04-22 10:20:00,133.145,133.395,133.065,133.315,133.11,133.15,61.95,30.01
2021-04-22 10:25:00,133.315,133.685,133.305,133.655,133.21,133.32,92.04,36.66
2021-04-22 10:30:00,133.655,134.105,133.635,134.105,133.37,133.58,100.0,49.05
2021-04-22 10:35:00,134.105,134.115,133.845,134.075,133.5,133.74,97.33,59.04
2021-04-22 10:40:00,134.075,134.145,133.835,133.845,133.56,133.78,80.39,70.79
2021-04-22 10:45:00,133.845,134.115,133.845,134.015,133.64,133.86,91.5,75.58
2021-04-22 10:50:00,134.015,134.145,133.905,133.975,133.7,133.9,88.89,81.44
2021-04-22 10:55:00,133.975,134.045,133.805,133.965,133.75,133.92,88.24,87.44
2021-04-22 11:00:00,133.965,134.115,133.775,133.815,133.76,133.88,78.43,91.2
2021-04-22 11:05:00,133.815,134.035,133.785,134.005,133.8,133.92,90.85,89.25
2021-04-22 11:10:00,134.005,134.005,133.775,133.815,133.8,133.88,78.43,87.95
2021-04-22 11:15:00,133.815,133.845,133.625,133.785,133.8,133.85,76.47,85.25
2021-04-22 11:20:00,133.785,133.975,133.735,133.925,133.82,133.88,85.62,84.69
2021-04-22 11:25:00,133.925,133.955,133.705,133.705,133.8,133.82,71.24,83.85
2021-04-22 11:30:00,133.705,133.975,133.625,133.945,133.83,133.86,86.93,81.33
2021-04-22 11:35:00,133.945,134.015,133.865,133.935,133.85,133.89,86.27,81.14
2021-04-22 11:40:00,133.935,133.965,133.845,133.935,133.87,133.9,86.27,82.26
2021-04-22 11:45:00,133.935,133.935,133.875,133.875,133.87,133.89,80.58,81.6
2021-04-22 11:50:00,133.855,134.025,133.855,133.86,133.87,133.88,77.38,81.91
2021-04-22 11:55:00,133.855,133.915,133.705,133.82,133.86,133.86,74.21,82.04
2021-04-22 12:00:00,133.815,133.825,133.685,133.74,133.84,133.82,62.5,80.41
2021-04-22 12:05:00,133.735,133.745,133.545,133.58,133.79,133.74,32.74,79.16
2021-04-22 12:10:00,133.575,133.635,133.545,133.64,133.76,133.71,15.83,71.42
2021-04-22 12:15:00,133.635,133.745,133.605,133.7,133.75,133.71,25.83,61.36
2021-04-22 12:20:00,133.695,133.815,133.685,133.82,133.76,133.75,45.83,52.72
2021-04-22 12:25:00,133.815,133.925,133.745,133.9,133.79,133.8,59.17,47.76
2021-04-22 12:30:00,133.895,133.955,133.865,133.91,133.81,133.84,60.83,45.16
2021-04-22 12:35:00,133.905,133.995,133.895,133.95,133.84,133.88,71.05,43.25
2021-04-22 12:40:00,133.945,133.985,133.915,133.99,133.87,133.92,78.07,44.47
2021-04-22 12:45:00,133.985,134.095,133.955,134.0,133.89,133.95,82.73,50.94
2021-04-22 12:50:00,133.995,134.055,133.935,133.99,133.91,133.96,80.91,60.5
2021-04-22 12:55:00,133.985,134.045,133.945,134.03,133.93,133.98,88.18,68.37
2021-04-22 13:00:00,134.025,134.075,134.005,134.06,133.95,134.01,93.64,74.42
2021-04-22 13:05:00,134.055,134.075,133.225,133.41,133.85,133.81,21.26,79.34
2021-04-22 13:10:00,133.41,133.425,132.955,133.21,133.73,133.61,22.37,73.69
2021-04-22 13:15:00,133.21,133.22,132.47,132.49,133.5,133.24,1.23,66.74
2021-04-22 13:20:00,132.485,132.845,132.235,132.85,133.38,133.11,33.06,55.76
2021-04-22 13:25:00,132.845,133.17,132.665,133.1,133.33,133.11,46.51,48.66
2021-04-22 13:30:00,133.095,133.185,132.765,133.19,133.3,133.14,51.34,43.75
2021-04-22 13:35:00,133.185,133.185,132.775,132.94,133.23,133.07,37.9,38.49
2021-04-22 13:40:00,132.935,132.935,132.285,132.3,133.06,132.81,3.49,30.52
2021-04-22 13:45:00,132.295,132.555,132.065,132.14,132.89,132.59,3.69,27.99
2021-04-22 13:50:00,132.135,132.195,131.815,131.84,132.7,132.34,1.1,25.32
2021-04-22 13:55:00,131.835,131.995,131.625,131.8,132.54,132.16,7.09,25.3
2021-04-22 14:00:00,131.795,131.805,131.415,131.76,132.4,132.03,12.87,21.59
2021-04-22 14:05:00,131.76,131.915,131.525,131.84,132.3,131.97,15.86,16.78
2021-04-22 14:10:00,131.835,132.095,131.645,132.09,132.26,132.01,25.19,11.71
2021-04-22 14:15:00,132.085,132.145,131.925,132.12,132.23,132.05,26.31,9.9
2021-04-22 14:20:00,132.115,132.175,131.965,132.09,132.2,132.06,25.19,13.16
2021-04-22 14:25:00,132.085,132.525,132.035,132.49,132.25,132.2,40.11,16.23
2021-04-22 14:30:00,132.485,132.505,132.275,132.36,132.27,132.25,35.53,21.8
2021-04-22 14:35:00,132.355,132.475,132.275,132.37,132.29,132.29,35.9,25.87
2021-04-22 14:40:00,132.365,132.585,132.345,132.59,132.34,132.39,44.17,29.16
2021-04-22 14:45:00,132.585,132.605,132.325,132.38,132.35,132.39,36.28,33.2
2021-04-22 14:50:00,132.375,132.445,132.195,132.33,132.35,132.37,45.52,34.78
2021-04-22 14:55:00,132.325,132.43,132.215,132.25,132.33,132.33,46.26,37.53
2021-04-22 15:00:00,132.25,132.525,132.205,132.49,132.36,132.38,60.73,40.54
2021-04-22 15:05:00,132.485,132.485,132.095,132.16,132.32,132.31,42.09,43.48
2021-04-22 15:10:00,132.155,132.225,132.075,132.14,132.29,132.25,40.96,44.42
2021-04-22 15:15:00,132.135,132.155,131.865,131.97,132.23,132.16,31.36,45.14
2021-04-22 15:20:00,131.965,132.055,131.875,131.89,132.17,132.07,31.25,43.31
2021-04-22 15:25:00,131.885,132.035,131.875,132.04,132.15,132.06,52.52,42.6
2021-04-22 15:30:00,132.035,132.235,131.995,132.21,132.16,132.11,66.81,43.6
2021-04-22 15:35:00,132.205,132.215,132.025,132.13,132.15,132.12,60.08,46.53
2021-04-22 15:40:00,132.125,132.265,132.055,132.07,132.14,132.1,55.04,46.44
2021-04-22 15:45:00,132.065,132.355,132.025,132.12,132.14,132.11,55.09,48.29
2021-04-22 15:50:00,132.115,132.3,132.09,132.17,132.15,132.13,54.69,50.31
