DateTime,Open,High,Low,Close,EMA_Period_10,EMA_Period_5,Stochastic,Stochastic_Signal
2021-04-01 09:30:00,530.09,530.09,527.195,528.065,0,0,0,0
2021-04-01 09:35:00,528.065,531.84,527.3,531.69,0,0,0,0
2021-04-01 09:40:00,531.69,531.69,529.87,530.35,0,0,0,0
2021-04-01 09:45:00,530.35,532.66,530.35,531.625,0,0,0,0
2021-04-01 09:50:00,531.625,533.145,531.185,531.765,0,530.7,0,0
2021-04-01 09:55:00,531.765,532.17,530.285,531.05,0,530.82,0,0
2021-04-01 10:00:00,531.05,531.18,528.28,529.18,0,530.27,0,0
2021-04-01 10:05:00,529.18,530.805,528.735,530.675,0,530.4,0,0
2021-04-01 10:10:00,530.675,531.85,530.655,531.27,0,530.69,0,0
2021-04-01 10:15:00,531.27,531.42,530.49,530.575,530.62,530.65,0,0
2021-04-01 10:20:00,530.575,531.425,529.775,531.185,530.72,530.83,0,0
2021-04-01 10:25:00,531.185,532.72,530.89,532.05,530.96,531.24,0,0
2021-04-01 10:30:00,532.05,532.49,531.62,531.855,531.12,531.45,0,0
2021-04-01 10:35:00,531.855,532.625,531.51,531.68,531.22,531.53,0,0
2021-04-01 10:40:00,531.68,532.91,531.43,532.76,531.5,531.94,0,0
2021-04-01 10:45:00,532.76,532.84,531.665,531.7,531.54,531.86,0,0
2021-04-01 10:50:00,531.7,532.305,531.175,531.28,531.49,531.67,0,0
2021-04-01 10:55:00,531.28,532.355,531.28,532.18,531.62,531.84,0,0
2021-04-01 11:00:00,532.18,532.795,532.13,532.78,531.83,532.15,0,0
2021-04-01 11:05:00,532.78,533.445,531.755,533.04,532.05,532.45,0,0
2021-04-01 11:10:00,533.04,533.135,531.805,531.805,532.01,532.24,0,0
2021-04-01 11:15:00,531.805,531.94,530.21,530.995,531.83,531.83,0,0
2021-04-01 11:20:00,530.995,531.705,530.64,531.285,531.73,531.65,0,0
2021-04-01 11:25:00,531.285,532.645,530.62,532.54,531.88,531.95,0,0
2021-04-01 11:30:00,532.54,532.675,531.22,531.43,531.8,531.78,0,0
2021-04-01 11:35:00,531.43,531.765,530.555,530.585,531.58,531.38,0,0
2021-04-01 11:40:00,530.585,531.12,530.325,531.115,531.5,531.29,0,0
2021-04-01 11:45:00,531.115,531.86,530.735,531.825,531.56,531.47,65.61,62.15
2021-04-01 11:50:00,531.825,532.16,531.395,531.775,531.6,531.57,54.5,60.99
2021-04-01 11:55:00,531.775,533.005,531.755,532.635,531.79,531.93,77.93,60.18
2021-04-01 12:00:00,532.635,532.675,531.965,532.275,531.88,532.04,68.12,63.0
2021-04-01 12:05:00,532.275,532.56,532.015,532.115,531.92,532.06,58.89,60.95
2021-04-01 12:10:00,532.115,532.52,531.63,532.505,532.03,532.21,70.94,60.65
2021-04-01 12:15:00,532.505,534.34,532.44,534.275,532.44,532.9,98.43,64.41
2021-04-01 12:20:00,534.275,534.595,533.37,534.045,532.73,533.28,87.46,70.63
2021-04-01 12:25:00,534.045,534.845,533.84,534.77,533.1,533.78,98.38,73.75
2021-04-01 12:30:00,534.77,535.355,534.5,534.5,533.35,534.02,83.38,80.02
2021-04-01 12:35:00,534.5,534.795,533.475,534.535,533.57,534.19,84.06,80.8
2021-04-01 12:40:00,534.535,535.705,534.265,535.36,533.9,534.58,93.72,83.08
2021-04-01 12:45:00,535.36,535.82,534.875,535.015,534.1,534.72,85.65,88.05
2021-04-01 12:50:00,535.015,535.48,534.7,534.845,534.24,534.76,82.62,90.15
2021-04-01 12:55:00,534.845,535.595,534.77,535.525,534.47,535.02,94.74,87.9
2021-04-01 13:00:00,535.525,535.905,534.735,535.075,534.58,535.04,85.13,88.94
2021-04-01 13:05:00,535.075,535.09,534.065,534.1,534.49,534.73,67.65,87.04
2021-04-01 13:10:00,534.1,534.25,533.385,533.935,534.39,534.46,64.7,84.8
2021-04-01 13:15:00,533.935,534.635,533.695,534.565,534.42,534.5,75.99,82.03
2021-04-01 13:20:00,534.565,535.675,534.565,534.61,534.45,534.54,76.79,79.5
2021-04-01 13:25:00,534.61,534.82,533.65,533.7,534.31,534.26,57.35,78.23
2021-04-01 13:30:00,533.7,533.865,533.295,533.525,534.17,534.02,47.23,74.62
2021-04-01 13:35:00,533.525,534.575,533.44,534.47,534.22,534.17,66.43,67.83
2021-04-01 13:40:00,534.47,535.375,534.36,534.835,534.33,534.39,74.97,65.16
2021-04-01 13:45:00,534.835,535.2,534.35,534.865,534.43,534.55,75.67,66.21
2021-04-01 13:50:00,534.865,535.575,534.845,535.005,534.53,534.7,78.95,67.78
2021-04-01 13:55:00,535.005,535.705,534.99,535.685,534.74,535.03,93.65,68.2
2021-04-01 14:00:00,535.685,536.225,535.345,535.59,534.89,535.22,78.33,70.61
2021-04-01 14:05:00,535.59,535.915,535.27,535.27,534.96,535.24,67.41,73.6
2021-04-01 14:10:00,535.27,536.045,535.095,536.045,535.16,535.51,93.86,76.49
2021-04-01 14:15:00,536.045,536.045,535.06,535.14,535.16,535.39,62.97,80.41
2021-04-01 14:20:00,535.14,535.955,535.14,535.95,535.3,535.58,90.61,78.69
2021-04-01 14:25:00,535.95,537.37,535.68,537.18,535.64,536.11,95.34,80.83
2021-04-01 14:30:00,537.18,537.75,536.175,536.37,535.77,536.2,69.02,83.17
2021-04-01 14:35:00,536.37,537.44,535.64,537.34,536.06,536.58,90.8,79.65
2021-04-01 14:40:00,537.34,537.345,536.605,536.795,536.19,536.65,78.56,81.43
2021-04-01 14:45:00,536.795,536.83,536.165,536.24,536.2,536.51,66.11,83.02
2021-04-01 14:50:00,536.24,537.875,536.235,537.8,536.49,536.94,98.36,79.06
2021-04-01 14:55:00,537.8,538.32,537.41,537.55,536.68,537.14,84.68,84.11
2021-04-01 15:00:00,537.55,538.925,537.54,538.36,536.99,537.55,89.96,83.27
2021-04-01 15:05:00,538.36,538.45,537.545,537.88,537.15,537.66,81.44,82.5
2021-04-01 15:10:00,537.88,537.995,536.885,537.44,537.2,537.59,73.62,84.27
2021-04-01 15:15:00,537.44,538.45,537.2,538.385,537.42,537.86,90.15,81.82
2021-04-01 15:20:00,538.385,538.43,537.455,537.945,537.52,537.89,78.58,83.47
2021-04-01 15:25:00,537.945,538.07,536.76,537.375,537.49,537.72,66.12,85.26
2021-04-01 15:30:00,537.375,538.595,537.37,538.595,537.69,538.01,91.91,80.65
2021-04-01 15:35:00,538.595,538.6,537.375,538.075,537.76,538.03,78.4,81.68
2021-04-01 15:40:00,538.075,539.585,537.955,539.3,538.04,538.45,93.7,80.03
2021-04-01 15:45:00,539.3,539.96,538.935,539.035,538.22,538.64,81.12,81.78
2021-04-01 15:50:00,539.035,540.085,538.555,539.86,538.52,539.05,95.52,82.85
2021-04-01 15:55:00,539.86,540.255,539.57,539.575,538.71,539.22,86.91,83.62
2021-04-05 09:30:00,539.92,541.775,535.625,535.9,538.2,538.11,11.45,84.81
2021-04-05 09:35:00,535.9,535.9,529.445,533.32,537.31,536.51,31.43,77.0
2021-04-05 09:40:00,533.32,538.515,533.32,536.745,537.21,536.59,59.21,68.36
2021-04-05 09:45:00,536.745,540.77,536.73,540.085,537.73,537.76,86.29,65.62
2021-04-05 09:50:00,540.085,540.89,537.32,537.335,537.66,537.62,63.99,64.56
2021-04-05 09:55:00,537.335,538.99,536.82,536.885,537.52,537.38,60.34,62.11
2021-04-05 10:00:00,536.885,537.08,535.31,535.765,537.2,536.84,51.26,57.09
2021-04-05 10:05:00,535.765,537.265,534.66,536.86,537.14,536.85,60.14,52.0
2021-04-05 10:10:00,536.86,537.595,534.615,534.615,536.68,536.1,41.93,58.95
2021-04-05 10:15:00,534.615,536.105,534.61,535.63,536.49,535.94,50.16,60.45
2021-04-05 10:20:00,535.63,536.375,534.805,534.83,536.19,535.57,43.67,59.16
2021-04-05 10:25:00,534.83,535.28,533.73,534.535,535.89,535.22,41.28,53.07
2021-04-05 10:30:00,534.535,535.885,533.75,535.72,535.86,535.39,50.89,49.83
2021-04-05 10:35:00,535.72,536.29,534.79,536.185,535.92,535.66,54.66,48.48
2021-04-05 10:40:00,536.185,536.865,535.605,536.38,536.0,535.9,56.24,48.96
2021-04-05 10:45:00,536.38,537.15,536.38,537.085,536.2,536.29,61.96,48.4
2021-04-05 10:50:00,537.085,537.125,535.695,535.695,536.11,536.09,50.69,51.27
2021-04-05 10:55:00,535.695,536.335,535.015,535.275,535.96,535.82,47.28,51.34
2021-04-05 11:00:00,535.275,536.61,535.02,536.215,536.01,535.95,54.91,51.86
2021-04-05 11:05:00,536.215,536.26,535.44,535.975,536.0,535.96,52.96,53.8
2021-04-05 11:10:00,535.975,536.82,535.975,536.44,536.08,536.12,56.73,54.1
2021-04-05 11:15:00,536.44,538.11,536.21,537.21,536.29,536.48,67.85,54.4
2021-04-05 11:20:00,537.21,537.44,536.43,536.45,536.32,536.47,41.35,56.05
2021-04-05 11:25:00,536.45,537.27,536.45,537.17,536.47,536.7,48.04,53.11
2021-04-05 11:30:00,537.17,538.24,536.73,538.24,536.79,537.21,62.99,52.73
2021-04-05 11:35:00,538.24,538.76,538.005,538.135,537.03,537.52,83.75,54.98
2021-04-05 11:40:00,538.135,538.405,537.105,537.22,537.06,537.42,69.38,59.1
2021-04-05 11:45:00,537.22,538.365,537.18,538.15,537.26,537.66,87.87,61.44
2021-04-05 11:50:00,538.15,538.615,537.48,538.52,537.49,537.95,95.23,65.89
2021-04-05 11:55:00,538.52,538.615,537.38,537.725,537.53,537.88,79.42,69.8
2021-04-05 12:00:00,537.725,538.01,536.835,537.1,537.45,537.62,67.0,75.24
2021-04-05 12:05:00,537.1,537.83,537.1,537.515,537.46,537.58,75.25,77.95
2021-04-05 12:10:00,537.515,538.755,537.515,538.735,537.69,537.96,99.5,79.7
2021-04-05 12:15:00,538.735,538.805,537.825,538.44,537.83,538.12,90.91,81.95
2021-04-05 12:20:00,538.44,538.785,537.83,538.3,537.92,538.18,86.68,85.03
2021-04-05 12:25:00,538.3,538.515,537.8,537.945,537.92,538.1,77.31,84.86
2021-04-05 12:30:00,537.945,538.765,537.92,538.335,538.0,538.18,87.6,82.3
2021-04-05 12:35:00,538.335,538.535,537.605,537.835,537.97,538.06,74.41,83.46
2021-04-05 12:40:00,537.835,538.165,537.34,537.815,537.94,537.98,73.84,84.52
2021-04-05 12:45:00,537.815,539.035,537.665,538.56,538.05,538.17,86.79,84.32
2021-04-05 12:50:00,538.56,539.09,537.825,538.095,538.06,538.14,68.06,82.51
2021-04-05 12:55:00,538.095,538.71,537.79,538.57,538.15,538.28,81.94,79.24
2021-04-05 13:00:00,538.57,539.025,538.385,538.995,538.3,538.52,96.43,78.56
2021-04-05 13:05:00,538.995,539.14,538.32,538.85,538.4,538.63,89.22,81.3
2021-04-05 13:10:00,538.85,538.85,538.395,538.6,538.44,538.62,77.59,81.53
2021-04-05 13:15:00,538.6,539.33,538.31,539.09,538.56,538.78,90.38,81.98
2021-04-05 13:20:00,539.09,539.655,538.46,538.6,538.57,538.72,62.59,84.34
2021-04-05 13:25:00,538.6,539.675,538.575,539.65,538.77,539.03,99.12,80.89
2021-04-05 13:30:00,539.65,540.815,539.65,540.29,539.05,539.45,86.81,85.32
2021-04-05 13:35:00,540.29,540.46,539.59,539.9,539.2,539.6,77.01,86.02
2021-04-05 13:40:00,539.9,539.985,539.28,539.31,539.22,539.5,62.19,83.25
2021-04-05 13:45:00,539.31,539.845,539.0,539.59,539.29,539.53,67.03,79.38
2021-04-05 13:50:00,539.59,539.975,539.09,539.94,539.41,539.67,74.82,77.88
2021-04-05 13:55:00,539.94,539.96,539.49,539.75,539.47,539.7,69.35,75.65
2021-04-05 14:00:00,539.75,540.325,539.505,539.72,539.52,539.71,68.49,76.62
2021-04-05 14:05:00,539.72,540.245,539.72,540.21,539.65,539.88,82.59,72.24
2021-04-05 14:10:00,540.21,540.29,539.625,539.88,539.69,539.88,73.09,71.64
2021-04-05 14:15:00,539.88,540.015,539.4,539.775,539.71,539.84,70.07,71.08
2021-04-05 14:20:00,539.775,540.425,539.375,540.085,539.78,539.92,78.99,72.21
2021-04-05 14:25:00,540.085,540.34,539.905,540.27,539.87,540.04,82.7,73.91
2021-04-05 14:30:00,540.27,541.63,540.045,541.305,540.13,540.46,91.54,75.04
2021-04-05 14:35:00,541.305,542.325,541.1,541.755,540.43,540.89,87.43,78.21
2021-04-05 14:40:00,541.755,542.55,541.625,542.425,540.79,541.4,97.05,80.92
2021-04-05 14:45:00,542.425,542.68,542.085,542.52,541.1,541.77,96.34,82.98
2021-04-05 14:50:00,542.52,542.83,541.38,541.38,541.15,541.64,67.92,86.3
2021-04-05 14:55:00,541.38,542.505,541.38,541.765,541.26,541.68,76.44,86.0
2021-04-05 15:00:00,541.765,541.98,540.7,540.74,541.17,541.37,52.17,85.63
2021-04-05 15:05:00,540.74,540.955,540.17,540.495,541.05,541.08,45.12,81.27
2021-04-05 15:10:00,540.495,541.095,540.28,541.045,541.05,541.07,53.39,74.64
2021-04-05 15:15:00,541.045,542.315,540.805,542.11,541.24,541.42,81.2,69.78
2021-04-05 15:20:00,542.11,542.5,541.17,541.17,541.23,541.34,56.66,67.51
2021-04-05 15:25:00,541.17,541.29,540.565,540.825,541.16,541.17,47.65,61.84
2021-04-05 15:30:00,540.825,540.825,539.655,540.06,540.96,540.8,25.94,58.95
2021-04-05 15:35:00,540.06,540.785,539.975,540.315,540.84,540.64,27.21,51.73
2021-04-05 15:40:00,540.315,540.66,539.515,539.53,540.6,540.27,4.49,48.17
2021-04-05 15:45:00,539.53,540.63,539.325,539.935,540.48,540.16,17.4,42.36
2021-04-05 15:50:00,539.935,541.31,539.11,540.74,540.53,540.35,43.82,37.22
2021-04-05 15:55:00,540.74,541.53,539.695,540.495,540.52,540.4,37.23,31.88
2021-04-06 09:30:00,544.695,550.635,544.07,550.23,542.29,543.68,96.49,29.11
2021-04-06 09:35:00,550.23,552.44,548.62,550.65,543.81,546.0,86.57,36.08
2021-04-06 09:40:00,550.65,554.165,550.39,552.87,545.46,548.29,91.4,44.74
2021-04-06 09:45:00,552.87,553.945,551.075,551.405,546.54,549.33,81.67,53.91
2021-04-06 09:50:00,551.405,552.455,549.945,551.565,547.45,550.08,82.73,64.94
2021-04-06 09:55:00,551.565,552.24,550.355,552.24,548.32,550.8,87.21,74.27
2021-04-06 10:00:00,552.24,552.63,551.315,551.775,548.95,551.12,84.12,80.47
2021-04-06 10:05:00,551.775,552.59,550.61,550.61,549.25,550.95,76.39,87.17
2021-04-06 10:10:00,550.61,550.71,548.41,548.525,549.12,550.14,62.54,84.3
2021-04-06 10:15:00,548.525,549.94,547.33,548.79,549.06,549.69,64.3,80.87
2021-04-06 10:20:00,548.79,548.865,547.18,547.56,548.79,548.98,56.13,76.99
2021-04-06 10:25:00,547.56,548.835,547.285,548.42,548.72,548.79,61.84,73.35
2021-04-06 10:30:00,548.42,548.9,547.155,547.22,548.45,548.27,53.87,70.36
2021-04-06 10:35:00,547.22,547.52,546.225,547.02,548.19,547.85,52.54,65.6
2021-04-06 10:40:00,547.02,547.28,546.73,547.165,548.0,547.62,53.5,61.09
2021-04-06 10:45:00,547.165,548.33,547.095,548.145,548.03,547.79,60.01,57.82
2021-04-06 10:50:00,548.145,548.645,546.89,548.45,548.11,548.01,62.04,57.46
2021-04-06 10:55:00,548.45,549.965,547.59,548.365,548.16,548.13,61.47,57.13
2021-04-06 11:00:00,548.365,549.6,547.78,547.825,548.1,548.03,57.89,57.9
2021-04-06 11:05:00,547.825,550.005,547.605,549.67,548.39,548.58,68.94,57.33
2021-04-06 11:10:00,549.67,550.52,548.885,550.19,548.72,549.12,60.62,59.48
2021-04-06 11:15:00,550.19,550.445,549.505,550.39,549.02,549.54,52.46,60.64
2021-04-06 11:20:00,550.39,551.385,550.295,550.335,549.26,549.8,51.76,60.49
2021-04-06 11:25:00,550.335,550.915,548.735,549.235,549.26,549.61,38.99,59.31
2021-04-06 11:30:00,549.235,549.27,547.435,547.545,548.95,548.92,20.61,56.02
2021-04-06 11:35:00,547.545,548.77,547.54,547.575,548.7,548.47,21.08,50.18
2021-04-06 11:40:00,547.575,548.77,547.52,548.77,548.71,548.57,39.73,44.92
2021-04-06 11:45:00,548.77,549.615,548.135,548.545,548.68,548.56,36.45,40.75
2021-04-06 11:50:00,548.545,549.175,548.205,548.34,548.62,548.49,40.99,37.3
2021-04-06 11:55:00,548.34,549.925,548.34,549.67,548.81,548.88,66.76,35.66
2021-04-06 12:00:00,549.67,549.69,548.175,548.58,548.77,548.78,45.64,37.8
2021-04-06 12:05:00,548.58,548.85,548.285,548.52,548.72,548.69,44.48,38.75
2021-04-06 12:10:00,548.52,548.8,548.15,548.21,548.63,548.53,38.47,42.16
2021-04-06 12:15:00,548.21,548.21,546.56,546.825,548.3,547.96,11.63,44.65
2021-04-06 12:20:00,546.825,548.2,546.825,547.93,548.23,547.95,28.39,40.63
2021-04-06 12:25:00,547.93,547.96,546.605,546.645,547.94,547.52,1.76,39.48
2021-04-06 12:30:00,546.645,547.035,546.355,546.645,547.7,547.23,5.77,33.88
2021-04-06 12:35:00,546.645,547.595,546.23,547.295,547.63,547.25,20.66,25.16
2021-04-06 12:40:00,547.295,547.62,546.74,547.245,547.56,547.25,19.69,21.59
2021-04-06 12:45:00,547.245,547.82,546.93,546.975,547.45,547.16,14.45,18.05
2021-04-06 12:50:00,546.975,547.59,546.345,547.565,547.47,547.29,25.9,14.62
2021-04-06 12:55:00,547.565,547.84,547.21,547.21,547.42,547.26,19.01,16.66
2021-04-06 13:00:00,547.21,547.31,546.08,546.375,547.23,546.96,5.56,15.32
2021-04-06 13:05:00,546.375,546.485,545.855,545.95,547.0,546.62,1.88,15.86
2021-04-06 13:10:00,545.95,547.26,545.92,547.205,547.04,546.82,33.17,15.31
2021-04-06 13:15:00,547.205,547.405,545.685,545.735,546.8,546.46,1.18,17.09
2021-04-06 13:20:00,545.735,545.74,544.92,545.13,546.5,546.02,4.2,14.45
2021-04-06 13:25:00,545.13,545.525,544.41,545.525,546.32,545.86,20.22,12.99
2021-04-06 13:30:00,545.525,545.72,544.975,545.71,546.21,545.81,23.57,12.17
2021-04-06 13:35:00,545.71,545.735,545.215,545.56,546.09,545.73,20.85,12.83
2021-04-06 13:40:00,545.56,545.95,545.26,545.735,546.03,545.73,25.09,15.01
2021-04-06 13:45:00,545.735,545.92,545.37,545.43,545.92,545.63,22.97,18.33
2021-04-06 13:50:00,545.43,545.57,544.865,545.135,545.78,545.46,16.51,16.87
2021-04-06 13:55:00,545.135,545.705,545.04,545.545,545.74,545.49,29.87,19.06
2021-04-06 14:00:00,545.545,545.705,544.87,545.24,545.65,545.41,21.9,22.73
2021-04-06 14:05:00,545.24,546.02,545.075,545.92,545.7,545.58,42.54,22.97
2021-04-06 14:10:00,545.92,547.51,545.92,547.265,545.98,546.14,83.24,25.68
2021-04-06 14:15:00,547.265,547.865,546.855,547.84,546.32,546.71,99.28,34.59
2021-04-06 14:20:00,547.84,548.13,547.6,547.735,546.58,547.05,89.38,45.19
2021-04-06 14:25:00,547.735,548.365,547.39,547.55,546.76,547.22,79.39,54.67
2021-04-06 14:30:00,547.55,547.87,546.925,547.355,546.87,547.26,74.46,63.66
2021-04-06 14:35:00,547.355,548.075,546.975,548.055,547.09,547.52,92.16,70.03
2021-04-06 14:40:00,548.055,548.76,547.89,548.75,547.39,547.93,99.77,80.06
2021-04-06 14:45:00,548.75,549.24,548.685,549.025,547.69,548.29,95.55,88.24
2021-04-06 14:50:00,549.025,549.115,548.17,548.855,547.9,548.48,92.03,90.0
2021-04-06 14:55:00,548.855,549.28,548.52,548.6,548.03,548.52,86.04,88.96
2021-04-06 15:00:00,548.6,548.84,547.205,547.385,547.91,548.14,61.09,88.49
2021-04-06 15:05:00,547.385,547.805,547.01,547.36,547.81,547.88,60.57,85.87
2021-04-06 15:10:00,547.36,547.645,546.91,547.18,547.7,547.65,52.43,83.89
2021-04-06 15:15:00,547.18,547.88,547.125,547.785,547.72,547.69,66.14,78.21
2021-04-06 15:20:00,547.785,548.125,547.32,548.03,547.78,547.8,71.69,73.41
2021-04-06 15:25:00,548.03,548.035,547.405,547.695,547.76,547.76,64.1,70.0
2021-04-06 15:30:00,547.695,547.805,546.455,546.455,547.52,547.33,36.01,66.01
2021-04-06 15:35:00,546.455,546.6,545.68,545.9,547.23,546.85,23.36,58.86
2021-04-06 15:40:00,545.9,546.125,545.185,545.185,546.86,546.29,7.14,53.47
2021-04-06 15:45:00,545.185,545.355,544.69,544.975,546.52,545.85,6.21,45.84
2021-04-06 15:50:00,544.975,544.975,543.355,544.06,546.07,545.25,11.9,39.24
2021-04-06 15:55:00,544.06,544.73,543.84,544.68,545.82,545.06,22.36,31.49
2021-04-07 09:30:00,543.4,544.665,541.27,542.905,545.29,544.34,20.41,24.44
2021-04-07 09:35:00,542.905,543.765,542.16,543.34,544.94,544.01,25.84,18.2
2021-04-07 09:40:00,543.34,544.12,542.89,544.0,544.77,544.01,34.08,16.75
2021-04-07 09:45:00,544.0,544.705,543.4,543.895,544.61,543.97,32.77,18.28
2021-04-07 09:50:00,543.895,543.955,541.605,541.61,544.06,543.18,4.24,21.94
2021-04-07 09:55:00,541.61,543.775,541.61,542.785,543.83,543.05,18.91,21.66
2021-04-07 10:00:00,542.785,544.355,542.31,544.2,543.9,543.43,36.58,22.66
2021-04-07 10:05:00,544.2,544.825,543.34,544.0,543.92,543.62,34.08,24.69
2021-04-07 10:10:00,544.0,545.755,544.0,545.355,544.18,544.2,53.96,26.64
2021-04-07 10:15:00,545.355,545.65,544.325,545.45,544.41,544.62,60.98,30.66
2021-04-07 10:20:00,545.45,546.19,544.89,545.64,544.63,544.96,63.75,34.5
2021-04-07 10:25:00,545.64,546.09,544.865,545.405,544.77,545.11,60.32,38.93
2021-04-07 10:30:00,545.405,546.89,545.075,545.785,544.95,545.34,65.86,46.94
2021-04-07 10:35:00,545.785,546.51,545.465,545.51,545.05,545.4,62.68,53.65
2021-04-07 10:40:00,545.51,545.715,544.435,545.68,545.16,545.49,67.48,57.38
2021-04-07 10:45:00,545.68,545.92,545.125,545.525,545.23,545.5,75.71,62.15
2021-04-07 10:50:00,545.525,545.62,544.305,544.705,545.13,545.24,61.12,65.25
2021-04-07 10:55:00,544.705,546.275,544.45,545.67,545.23,545.38,78.29,65.27
2021-04-07 11:00:00,545.67,548.07,545.67,547.66,545.67,546.14,93.97,67.35
2021-04-07 11:05:00,547.66,548.555,547.48,547.545,546.01,546.61,86.14,72.16
2021-04-07 11:10:00,547.545,547.745,547.07,547.45,546.27,546.89,84.83,75.06
2021-04-07 11:15:00,547.45,549.25,547.43,549.145,546.79,547.64,98.63,78.22
2021-04-07 11:20:00,549.145,549.375,547.655,547.765,546.97,547.68,79.28,82.67
2021-04-07 11:25:00,547.765,547.765,546.885,546.96,546.97,547.44,68.92,83.18
2021-04-07 11:30:00,546.96,547.025,546.545,546.81,546.94,547.23,66.99,84.29
2021-04-07 11:35:00,546.81,547.75,545.885,545.97,546.76,546.81,56.15,82.68
2021-04-07 11:40:00,545.97,546.955,545.78,546.46,546.71,546.69,58.74,77.28
2021-04-07 11:45:00,546.46,547.305,546.225,546.655,546.7,546.68,54.93,73.36
2021-04-07 11:50:00,546.655,547.6,546.655,547.49,546.84,546.95,64.93,69.09
2021-04-07 11:55:00,547.49,548.62,547.19,548.335,547.11,547.41,79.49,64.28
2021-04-07 12:00:00,548.335,548.905,547.985,548.045,547.28,547.62,73.77,64.31
2021-04-07 12:05:00,548.045,548.74,548.015,548.525,547.51,547.92,83.23,65.0
2021-04-07 12:10:00,548.525,548.56,547.63,547.795,547.56,547.88,68.84,67.32
2021-04-07 12:15:00,547.795,547.815,546.73,547.24,547.5,547.67,57.89,69.13
2021-04-07 12:20:00,547.24,548.19,547.04,548.19,547.63,547.84,76.63,69.01
2021-04-07 12:25:00,548.19,548.335,547.405,547.525,547.61,547.74,63.51,72.11
2021-04-07 12:30:00,547.525,547.655,546.885,547.07,547.51,547.52,54.54,71.91
2021-04-07 12:35:00,547.07,547.545,546.74,547.195,547.45,547.41,55.74,68.34
2021-04-07 12:40:00,547.195,547.315,546.415,546.795,547.33,547.2,30.36,65.77
2021-04-07 12:45:00,546.795,546.925,546.475,546.555,547.19,546.98,21.56,58.22
2021-04-07 12:50:00,546.555,546.77,545.84,546.03,546.98,546.66,6.95,51.46
2021-04-07 12:55:00,546.03,546.33,545.73,546.155,546.83,546.49,11.66,44.18
2021-04-07 13:00:00,546.155,547.03,545.69,546.63,546.79,546.54,25.51,34.9
2021-04-07 13:05:00,546.63,547.385,546.405,546.6,546.76,546.56,28.3,29.47
2021-04-07 13:10:00,546.6,546.99,546.38,546.785,546.76,546.64,34.06,25.73
2021-04-07 13:15:00,546.785,547.5,546.27,547.08,546.82,546.79,43.23,22.63
2021-04-07 13:20:00,547.08,547.08,546.485,546.65,546.79,546.74,29.86,24.47
2021-04-07 13:25:00,546.65,546.75,546.18,546.235,546.69,546.57,16.95,25.65
2021-04-07 13:30:00,546.235,547.555,546.235,546.995,546.75,546.71,40.59,27.08
2021-04-07 13:35:00,546.995,547.795,546.995,547.765,546.93,547.06,64.54,31.21
2021-04-07 13:40:00,547.765,547.815,547.44,547.745,547.08,547.29,63.92,36.79
2021-04-07 13:45:00,547.745,548.45,547.525,548.305,547.3,547.63,85.74,41.88
2021-04-07 13:50:00,548.305,548.53,547.85,548.505,547.52,547.92,98.08,49.26
2021-04-07 13:55:00,548.505,548.69,548.08,548.63,547.72,548.16,98.0,57.1
2021-04-07 14:00:00,548.63,548.92,548.09,548.675,547.89,548.33,92.41,66.83
2021-04-07 14:05:00,548.675,548.89,548.08,548.45,547.99,548.37,85.45,77.61
2021-04-07 14:10:00,548.45,548.83,548.43,548.765,548.13,548.5,95.2,84.02
2021-04-07 14:15:00,548.765,549.625,548.765,549.185,548.32,548.73,88.82,88.4
2021-04-07 14:20:00,549.185,549.31,547.865,548.4,548.33,548.62,68.87,91.96
2021-04-07 14:25:00,548.4,548.43,547.74,548.275,548.32,548.5,65.69,89.55
2021-04-07 14:30:00,548.275,548.815,548.24,548.595,548.37,548.53,73.82,84.92
2021-04-07 14:35:00,548.595,548.665,547.985,548.115,548.32,548.39,61.63,81.47
2021-04-07 14:40:00,548.115,548.74,548.045,548.1,548.28,548.29,61.25,77.07
2021-04-07 14:45:00,548.1,548.395,547.975,548.32,548.29,548.3,62.12,73.61
2021-04-07 14:50:00,548.32,549.27,548.27,548.745,548.37,548.45,74.46,68.89
2021-04-07 14:55:00,548.745,548.75,547.795,548.015,548.31,548.31,53.27,66.83
2021-04-07 15:00:00,548.015,549.15,548.015,548.965,548.43,548.53,80.84,64.61
2021-04-07 15:05:00,548.965,549.155,547.805,547.805,548.32,548.29,47.17,66.77
2021-04-07 15:10:00,547.805,548.22,547.305,547.375,548.15,547.98,33.63,62.96
2021-04-07 15:15:00,547.375,547.67,546.835,547.09,547.96,547.68,9.14,58.96
2021-04-07 15:20:00,547.09,547.415,546.455,546.46,547.69,547.27,0.16,51.52
2021-04-07 15:25:00,546.46,546.615,545.35,545.545,547.3,546.69,4.56,42.67
2021-04-07 15:30:00,545.545,545.98,545.1,545.155,546.91,546.18,1.22,32.68
2021-04-07 15:35:00,545.155,546.365,545.0,546.32,546.8,546.23,28.54,25.25
2021-04-07 15:40:00,546.32,546.95,546.22,546.795,546.8,546.42,38.81,17.77
2021-04-07 15:45:00,546.795,547.63,546.785,547.425,546.91,546.76,52.43,16.58
2021-04-07 15:50:00,547.425,547.45,546.39,546.92,546.91,546.81,41.51,19.27
2021-04-07 15:55:00,546.92,547.665,546.575,546.935,546.91,546.85,41.84,23.89
2021-04-08 09:30:00,551.3,551.735,549.21,549.41,547.36,547.7,65.48,29.84
2021-04-08 09:35:00,549.41,549.505,547.615,549.12,547.68,548.17,61.17,38.55
2021-04-08 09:40:00,549.12,550.375,549.0,550.375,548.17,548.9,79.81,47.11
2021-04-08 09:45:00,550.375,552.08,547.6,547.715,548.09,548.5,38.35,54.44
2021-04-08 09:50:00,547.715,551.05,547.635,550.75,548.57,549.25,81.21,54.37
2021-04-08 09:55:00,550.75,554.915,550.01,554.63,549.67,551.04,97.13,58.48
2021-04-08 10:00:00,554.63,554.915,553.555,553.77,550.42,551.95,88.45,66.43
2021-04-08 10:05:00,553.77,554.385,551.72,552.115,550.73,552.0,71.76,73.09
2021-04-08 10:10:00,552.115,552.4,550.505,551.26,550.83,551.75,63.14,73.98
2021-04-08 10:15:00,551.26,551.795,549.92,550.35,550.74,551.28,53.96,74.26
2021-04-08 10:20:00,550.35,551.835,550.135,551.6,550.9,551.39,66.57,70.57
2021-04-08 10:25:00,551.6,552.26,550.645,551.305,550.97,551.36,63.59,74.6
2021-04-08 10:30:00,551.305,551.59,550.395,550.43,550.87,551.05,54.77,72.09
2021-04-08 10:35:00,550.43,550.81,549.875,550.395,550.78,550.83,54.41,66.03
2021-04-08 10:40:00,550.395,550.79,549.995,550.65,550.76,550.77,56.98,61.17
2021-04-08 10:45:00,550.65,550.745,549.27,549.295,550.49,550.28,43.32,59.06
2021-04-08 10:50:00,549.295,550.255,549.085,550.03,550.41,550.2,43.82,56.23
2021-04-08 10:55:00,550.03,550.365,549.465,549.795,550.3,550.07,39.94,54.78
2021-04-08 11:00:00,549.795,550.205,548.605,548.74,550.02,549.63,27.57,50.98
2021-04-08 11:05:00,548.74,549.125,547.83,548.48,549.74,549.25,22.84,45.83
2021-04-08 11:10:00,548.48,548.72,547.86,548.39,549.49,548.96,10.8,41.27
2021-04-08 11:15:00,548.39,548.735,548.005,548.47,549.3,548.8,11.89,35.04
2021-04-08 11:20:00,548.47,550.32,548.265,550.015,549.43,549.2,33.01,28.6
2021-04-08 11:25:00,550.015,550.41,550.005,550.2,549.57,549.53,35.54,27.12
2021-04-08 11:30:00,550.2,550.235,549.4,549.49,549.56,549.52,25.48,25.94
2021-04-08 11:35:00,549.49,550.38,549.49,549.6,549.57,549.55,24.98,23.88
2021-04-08 11:40:00,549.6,549.895,549.34,549.605,549.58,549.57,25.05,23.51
2021-04-08 11:45:00,549.605,549.62,548.9,549.485,549.56,549.54,25.25,23.82
2021-04-08 11:50:00,549.485,549.58,548.595,549.38,549.53,549.49,33.92,25.89
2021-04-08 11:55:00,549.38,550.04,549.055,550.01,549.62,549.66,49.21,29.03
2021-04-08 12:00:00,550.01,550.085,548.865,549.625,549.62,549.65,40.52,31.35
2021-04-08 12:05:00,549.625,549.885,549.27,549.735,549.64,549.68,43.0,32.06
2021-04-08 12:10:00,549.735,550.115,549.205,549.51,549.62,549.62,44.68,34.56
2021-04-08 12:15:00,549.51,550.65,549.475,550.215,549.73,549.82,80.03,37.38
2021-04-08 12:20:00,550.215,550.57,549.78,550.215,549.82,549.95,80.57,45.23
2021-04-08 12:25:00,550.215,550.265,549.91,550.105,549.87,550.0,78.04,53.13
2021-04-08 12:30:00,550.105,550.395,550.045,550.23,549.94,550.08,85.11,59.44
2021-04-08 12:35:00,550.23,550.545,549.53,549.835,549.92,550.0,71.1,64.56
2021-04-08 12:40:00,549.835,549.835,549.185,549.425,549.83,549.81,56.56,68.93
2021-04-08 12:45:00,549.425,549.695,548.375,548.515,549.59,549.38,24.29,70.87
2021-04-08 12:50:00,548.515,549.375,548.25,548.96,549.48,549.24,39.43,67.96
2021-04-08 12:55:00,548.96,549.415,548.68,549.085,549.41,549.19,40.83,62.16
2021-04-08 13:00:00,549.085,555.9,548.915,555.665,550.55,551.35,96.93,56.48
2021-04-08 13:05:00,555.665,555.865,553.375,554.33,551.24,552.34,79.48,59.18
2021-04-08 13:10:00,554.33,556.785,553.455,554.35,551.81,553.01,71.47,58.37
2021-04-08 13:15:00,554.35,554.45,552.465,553.64,552.14,553.22,63.15,58.43
2021-04-08 13:20:00,553.64,553.865,552.27,553.105,552.32,553.18,56.88,59.37
2021-04-08 13:25:00,553.105,553.415,552.025,552.66,552.38,553.01,51.67,64.02
2021-04-08 13:30:00,552.66,552.91,551.395,552.08,552.33,552.7,44.87,65.77
2021-04-08 13:35:00,552.08,552.735,551.405,551.815,552.24,552.41,41.77,66.35
2021-04-08 13:40:00,551.815,552.88,551.285,551.33,552.07,552.05,36.09,58.47
2021-04-08 13:45:00,551.33,552.415,551.26,552.225,552.1,552.11,46.57,52.27
2021-04-08 13:50:00,552.225,553.88,552.225,553.375,552.33,552.53,60.05,48.71
2021-04-08 13:55:00,553.375,553.54,552.895,553.34,552.51,552.8,59.64,48.27
2021-04-08 14:00:00,553.34,553.86,552.81,553.2,552.64,552.93,58.0,48.67
2021-04-08 14:05:00,553.2,554.065,552.83,553.765,552.84,553.21,64.62,49.57
2021-04-08 14:10:00,553.765,554.085,553.265,553.66,552.99,553.36,63.39,52.39
2021-04-08 14:15:00,553.66,554.275,553.355,553.94,553.16,553.55,66.67,55.48
2021-04-08 14:20:00,553.94,554.69,553.67,553.97,553.31,553.69,67.02,59.85
2021-04-08 14:25:00,553.97,555.005,553.925,554.18,553.47,553.85,69.48,62.77
2021-04-08 14:30:00,554.18,554.465,553.455,553.565,553.49,553.76,62.27,64.12
2021-04-08 14:35:00,553.565,553.565,552.73,552.945,553.39,553.49,52.62,64.49
2021-04-08 14:40:00,552.945,553.055,552.33,552.68,553.26,553.22,47.84,63.72
2021-04-08 14:45:00,552.68,553.21,552.43,553.055,553.22,553.16,32.49,61.33
2021-04-08 14:50:00,553.055,553.06,551.515,551.935,552.99,552.75,12.22,56.91
2021-04-08 14:55:00,551.935,552.69,551.93,552.335,552.87,552.61,28.7,49.13
2021-04-08 15:00:00,552.335,552.995,552.22,552.89,552.87,552.7,43.52,43.66
2021-04-08 15:05:00,552.89,553.555,552.88,553.205,552.93,552.87,51.94,39.95
2021-04-08 15:10:00,553.205,554.09,553.135,553.94,553.11,553.23,71.56,38.48
2021-04-08 15:15:00,553.94,554.255,553.7,554.14,553.3,553.53,76.9,41.18
2021-04-08 15:20:00,554.14,554.47,553.885,554.1,553.45,553.72,75.83,45.33
2021-04-08 15:25:00,554.1,554.365,553.335,553.5,553.46,553.65,59.81,51.52
2021-04-08 15:30:00,553.5,554.27,553.5,553.915,553.54,553.74,68.77,58.32
2021-04-08 15:35:00,553.915,554.5,553.885,554.05,553.63,553.84,72.64,64.05
2021-04-08 15:40:00,554.05,554.28,553.745,553.89,553.68,553.86,68.05,68.21
2021-04-08 15:45:00,553.89,553.9,553.125,553.57,553.66,553.76,58.88,70.51
2021-04-08 15:50:00,553.57,554.45,553.275,553.88,553.7,553.8,67.77,68.7
2021-04-08 15:55:00,553.88,555.065,553.455,554.755,553.89,554.12,91.27,67.39
2021-04-09 09:30:00,551.9,553.22,548.405,548.435,552.9,552.22,0.45,69.6
2021-04-09 09:35:00,548.435,549.67,547.69,549.29,552.24,551.24,21.69,61.12
2021-04-09 09:40:00,549.29,550.655,547.185,550.495,551.92,550.99,42.01,54.39
2021-04-09 09:45:00,550.495,551.37,548.72,549.43,551.47,550.47,28.49,50.02
2021-04-09 09:50:00,549.43,549.51,547.855,548.295,550.89,549.74,14.09,44.37
2021-04-09 09:55:00,548.295,550.39,548.12,548.895,550.53,549.46,21.7,37.97
2021-04-09 10:00:00,548.895,550.6,548.73,550.26,550.48,549.73,39.02,31.39
2021-04-09 10:05:00,550.26,551.04,549.845,549.845,550.36,549.77,33.76,23.92
2021-04-09 10:10:00,549.845,550.05,548.33,548.87,550.09,549.47,21.38,28.68
2021-04-09 10:15:00,548.87,549.62,548.465,549.545,549.99,549.5,29.95,28.64
2021-04-09 10:20:00,549.545,550.715,549.5,549.6,549.92,549.53,30.65,26.91
2021-04-09 10:25:00,549.6,550.31,548.28,548.495,549.66,549.18,16.62,27.22
2021-04-09 10:30:00,548.495,550.19,547.675,550.085,549.74,549.48,36.8,27.58
2021-04-09 10:35:00,550.085,551.41,550.04,550.25,549.83,549.74,38.9,29.74
2021-04-09 10:40:00,550.25,550.845,549.635,550.245,549.91,549.91,38.83,29.72
2021-04-09 10:45:00,550.245,550.39,548.805,549.705,549.87,549.84,31.98,30.45
2021-04-09 10:50:00,549.705,549.765,548.875,549.185,549.75,549.62,25.38,31.96
2021-04-09 10:55:00,549.185,549.485,547.95,548.625,549.55,549.29,18.27,31.31
2021-04-09 11:00:00,548.625,550.245,548.445,549.28,549.5,549.29,26.59,29.54
2021-04-09 11:05:00,549.28,550.445,549.135,550.345,549.65,549.64,40.1,30.96
2021-04-09 11:10:00,550.345,551.74,550.035,551.47,549.98,550.25,71.0,31.44
2021-04-09 11:15:00,551.47,551.81,551.085,551.11,550.19,550.54,84.86,36.02
2021-04-09 11:20:00,551.11,551.26,550.185,550.34,550.22,550.47,68.22,42.6
2021-04-09 11:25:00,550.34,551.025,550.26,550.34,550.24,550.43,64.45,47.77
2021-04-09 11:30:00,550.34,551.635,549.56,551.57,550.48,550.81,94.2,53.36
2021-04-09 11:35:00,551.57,551.615,551.09,551.38,550.64,551.0,89.6,64.2
2021-04-09 11:40:00,551.38,551.8,550.95,550.985,550.7,551.0,80.05,73.2
2021-04-09 11:45:00,550.985,551.03,550.425,550.525,550.67,550.84,68.92,78.91
2021-04-09 11:50:00,550.525,551.815,550.49,551.66,550.85,551.11,96.26,78.61
2021-04-09 11:55:00,551.66,552.245,551.16,552.14,551.08,551.45,97.7,80.24
2021-04-09 12:00:00,552.14,552.415,551.89,552.14,551.27,551.68,94.2,84.45
2021-04-09 12:05:00,552.14,552.385,551.57,551.715,551.35,551.69,85.23,88.7
2021-04-09 12:10:00,551.715,551.92,551.175,551.425,551.36,551.6,79.11,87.42
2021-04-09 12:15:00,551.425,552.105,551.4,551.89,551.46,551.7,88.24,85.92
2021-04-09 12:20:00,551.89,552.555,551.86,552.125,551.58,551.84,90.66,87.09
2021-04-09 12:25:00,552.125,552.16,551.695,551.83,551.63,551.84,84.26,90.2
2021-04-09 12:30:00,551.83,552.77,551.83,552.53,551.79,552.07,95.02,88.49
2021-04-09 12:35:00,552.53,552.58,551.98,552.56,551.93,552.23,95.64,88.1
2021-04-09 12:40:00,552.56,553.395,552.39,553.035,552.13,552.5,92.73,88.31
2021-04-09 12:45:00,553.035,553.495,552.725,552.94,552.28,552.65,87.27,89.38
2021-04-09 12:50:00,552.94,553.23,552.85,552.895,552.39,552.73,84.75,90.55
2021-04-09 12:55:00,552.895,553.42,552.895,553.345,552.56,552.94,96.19,90.05
2021-04-09 13:00:00,553.345,553.73,553.075,553.075,552.65,552.98,84.29,90.84
2021-04-09 13:05:00,553.075,553.445,552.9,553.13,552.74,553.03,85.61,90.84
2021-04-09 13:10:00,553.13,554.355,553.12,554.105,552.99,553.39,94.79,89.5
2021-04-09 13:15:00,554.105,555.445,554.105,555.42,553.43,554.07,99.5,89.38
2021-04-09 13:20:00,555.42,556.315,554.96,555.52,553.81,554.55,86.5,90.34
2021-04-09 13:25:00,555.52,555.595,554.81,554.995,554.03,554.7,77.59,90.23
2021-04-09 13:30:00,554.995,555.955,554.965,555.915,554.37,555.1,93.13,89.21
2021-04-09 13:35:00,555.915,556.65,555.09,556.365,554.73,555.52,94.81,88.77
2021-04-09 13:40:00,556.365,556.43,555.075,555.095,554.8,555.38,71.6,90.28
2021-04-09 13:45:00,555.095,555.52,554.79,555.33,554.9,555.36,75.89,88.27
2021-04-09 13:50:00,555.33,555.48,554.705,554.82,554.89,555.18,66.58,85.57
2021-04-09 13:55:00,554.82,555.09,554.39,555.0,554.91,555.12,68.57,80.87
2021-04-09 14:00:00,555.0,556.175,554.81,555.78,555.07,555.34,82.44,78.31
2021-04-09 14:05:00,555.78,556.57,555.5,556.385,555.31,555.69,94.65,79.0
2021-04-09 14:10:00,556.385,556.39,555.425,555.53,555.35,555.64,76.76,79.22
2021-04-09 14:15:00,555.53,556.2,555.34,555.985,555.47,555.76,85.76,76.64
2021-04-09 14:20:00,555.985,556.085,555.075,555.52,555.48,555.68,73.47,78.66
2021-04-09 14:25:00,555.52,555.95,554.575,554.695,555.34,555.35,50.19,78.32
2021-04-09 14:30:00,554.695,554.845,554.24,554.65,555.21,555.12,47.37,75.98
2021-04-09 14:35:00,554.65,554.84,554.38,554.77,555.13,555.0,49.93,72.95
2021-04-09 14:40:00,554.77,554.915,553.805,553.915,554.91,554.64,27.07,68.3
2021-04-09 14:45:00,553.915,554.205,553.765,554.09,554.76,554.46,31.73,58.65
2021-04-09 14:50:00,554.09,554.57,553.925,554.42,554.7,554.45,36.83,52.22
2021-04-09 14:55:00,554.42,554.54,553.91,553.95,554.56,554.28,6.41,45.23
2021-04-09 15:00:00,553.95,554.185,553.745,553.865,554.43,554.14,4.13,35.65
2021-04-09 15:05:00,553.865,553.945,553.305,553.49,554.26,553.92,5.53,29.07
2021-04-09 15:10:00,553.49,553.885,553.36,553.725,554.16,553.86,12.56,23.09
2021-04-09 15:15:00,553.725,554.215,553.725,554.125,554.15,553.95,24.51,17.75
2021-04-09 15:20:00,554.125,554.66,554.01,554.625,554.24,554.18,40.43,17.39
2021-04-09 15:25:00,554.625,554.715,554.34,554.68,554.32,554.35,42.11,18.63
2021-04-09 15:30:00,554.68,554.905,554.14,554.895,554.42,554.53,48.7,19.38
2021-04-09 15:35:00,554.895,555.64,554.795,555.14,554.55,554.73,56.2,25.42
2021-04-09 15:40:00,555.14,555.5,554.595,554.965,554.63,554.81,50.84,32.86
2021-04-09 15:45:00,554.965,555.415,554.795,555.33,554.76,554.98,62.02,39.34
2021-04-09 15:50:00,555.33,555.645,554.74,555.41,554.88,555.12,68.23,46.4
2021-04-09 15:55:00,555.41,555.525,554.395,555.265,554.95,555.17,67.7,52.65
2021-04-12 09:30:00,550.29,554.145,550.2,552.925,554.58,554.42,46.3,56.54
2021-04-12 09:35:00,552.925,554.67,550.735,553.75,554.43,554.2,61.74,57.14
2021-04-12 09:40:00,553.75,554.23,551.42,551.915,553.97,553.44,31.5,59.0
2021-04-12 09:45:00,551.915,552.89,551.35,552.29,553.66,553.06,38.38,55.48
2021-04-12 09:50:00,552.29,552.83,549.765,551.6,553.29,552.57,31.21,53.7
2021-04-12 09:55:00,551.6,554.645,551.25,553.38,553.31,552.84,61.48,49.29
2021-04-12 10:00:00,553.38,557.88,553.375,557.085,554.0,554.26,90.2,48.33
2021-04-12 10:05:00,557.085,557.39,554.75,554.75,554.14,554.42,61.43,51.54
2021-04-12 10:10:00,554.75,556.325,553.615,554.015,554.12,554.28,52.37,53.71
2021-04-12 10:15:00,554.015,554.575,553.32,554.27,554.15,554.28,55.51,52.37
2021-04-12 10:20:00,554.27,555.08,553.96,554.21,554.16,554.26,54.78,55.8
2021-04-12 10:25:00,554.21,554.745,552.405,552.715,553.9,553.74,36.35,58.14
2021-04-12 10:30:00,552.715,553.58,552.37,553.445,553.82,553.64,45.35,58.87
2021-04-12 10:35:00,553.445,553.805,551.21,551.65,553.43,552.98,23.23,56.57
2021-04-12 10:40:00,551.65,552.61,551.26,552.21,553.21,552.72,30.13,47.0
2021-04-12 10:45:00,552.21,554.215,552.14,553.905,553.34,553.12,51.02,42.53
2021-04-12 10:50:00,553.905,554.305,553.5,553.985,553.46,553.41,52.0,42.34
2021-04-12 10:55:00,553.985,554.21,553.695,553.785,553.52,553.54,49.54,41.84
2021-04-12 11:00:00,553.785,554.26,553.7,554.03,553.61,553.7,52.56,41.09
2021-04-12 11:05:00,554.03,554.275,553.75,553.865,553.66,553.76,50.52,43.4
2021-04-12 11:10:00,553.865,553.98,553.115,553.7,553.67,553.74,48.49,44.14
2021-04-12 11:15:00,553.7,553.785,552.31,552.8,553.51,553.43,37.4,47.75
2021-04-12 11:20:00,552.8,553.135,552.215,552.28,553.29,553.05,30.99,48.79
2021-04-12 11:25:00,552.28,552.645,551.44,551.95,553.05,552.68,26.93,45.93
2021-04-12 11:30:00,551.95,553.1,551.28,552.095,552.88,552.48,28.71,42.35
2021-04-12 11:35:00,552.095,552.105,551.145,551.61,552.65,552.19,6.9,39.37
2021-04-12 11:40:00,551.61,552.28,551.175,552.205,552.57,552.2,15.74,32.85
2021-04-12 11:45:00,552.205,552.275,550.665,550.73,552.24,551.71,0.97,27.88
2021-04-12 11:50:00,550.73,551.92,550.655,551.635,552.13,551.69,17.28,21.09
2021-04-12 11:55:00,551.635,552.14,551.07,552.09,552.12,551.82,32.43,18.22
2021-04-12 12:00:00,552.09,552.305,551.77,552.015,552.1,551.88,30.73,18.42
2021-04-12 12:05:00,552.015,552.52,550.655,551.0,551.9,551.59,8.44,18.97
2021-04-12 12:10:00,551.0,551.43,550.81,550.905,551.72,551.36,6.85,16.07
2021-04-12 12:15:00,550.905,551.45,550.185,550.725,551.54,551.15,13.11,16.06
2021-04-12 12:20:00,550.725,551.045,550.295,550.48,551.35,550.93,7.16,15.69
2021-04-12 12:25:00,550.48,551.33,550.48,551.065,551.3,550.98,21.36,16.57
2021-04-12 12:30:00,551.065,553.67,550.905,553.52,551.7,551.83,80.95,17.15
2021-04-12 12:35:00,553.52,553.725,552.84,553.28,551.99,552.31,75.67,24.09
2021-04-12 12:40:00,553.28,553.82,553.16,553.3,552.23,552.64,76.16,30.51
2021-04-12 12:45:00,553.3,553.55,552.575,552.935,552.36,552.74,67.24,40.18
2021-04-12 12:50:00,552.935,553.485,552.845,553.165,552.51,552.88,78.52,48.81
2021-04-12 12:55:00,553.165,553.92,553.135,553.555,552.7,553.1,90.23,58.15
2021-04-12 13:00:00,553.555,553.855,553.375,553.595,552.86,553.26,91.3,70.02
2021-04-12 13:05:00,553.595,553.885,553.24,553.565,552.99,553.36,90.5,80.01
2021-04-12 13:10:00,553.565,553.805,553.05,553.05,553.0,553.26,76.71,81.37
2021-04-12 13:15:00,553.05,554.42,552.82,554.385,553.25,553.64,99.17,81.52
2021-04-12 13:20:00,554.385,554.465,552.965,553.165,553.23,553.48,69.63,84.81
2021-04-12 13:25:00,553.165,554.385,553.15,554.23,553.41,553.73,94.51,85.15
2021-04-12 13:30:00,554.23,554.325,553.645,553.815,553.48,553.76,84.81,87.44
2021-04-12 13:35:00,553.815,554.28,553.8,554.175,553.61,553.9,93.22,86.66
2021-04-12 13:40:00,554.175,554.2,553.445,553.815,553.65,553.87,84.81,86.94
2021-04-12 13:45:00,553.815,555.715,553.735,555.375,553.96,554.37,93.85,86.12
2021-04-12 13:50:00,555.375,555.725,554.785,555.26,554.2,554.67,91.61,88.57
2021-04-12 13:55:00,555.26,555.765,555.085,555.305,554.4,554.88,91.76,87.49
2021-04-12 14:00:00,555.305,556.8,555.195,556.33,554.75,555.36,92.77,90.65
2021-04-12 14:05:00,556.33,557.345,556.205,557.065,555.17,555.93,95.92,90.4
2021-04-12 14:10:00,557.065,557.375,556.62,557.05,555.51,556.3,94.98,91.99
2021-04-12 14:15:00,557.05,557.17,556.305,556.375,555.67,556.32,79.17,92.24
2021-04-12 14:20:00,556.375,556.485,555.705,555.945,555.72,556.2,70.21,91.44
2021-04-12 14:25:00,555.945,556.425,555.7,556.12,555.79,556.17,73.85,88.06
2021-04-12 14:30:00,556.12,556.365,555.225,555.295,555.7,555.88,54.34,85.52
2021-04-12 14:35:00,555.295,555.79,554.735,555.275,555.62,555.68,53.9,80.18
2021-04-12 14:40:00,555.275,555.565,554.545,555.01,555.51,555.46,48.08,74.62
2021-04-12 14:45:00,555.01,555.01,554.12,554.285,555.29,555.07,32.16,67.79
2021-04-12 14:50:00,554.285,554.285,553.255,553.405,554.95,554.52,12.84,58.82
2021-04-12 14:55:00,553.405,553.76,553.08,553.165,554.63,554.07,7.57,49.34
2021-04-12 15:00:00,553.165,553.165,551.89,552.67,554.27,553.6,14.22,40.39
2021-04-12 15:05:00,552.67,553.495,552.67,552.965,554.03,553.39,19.6,31.87
2021-04-12 15:10:00,552.965,553.075,551.75,551.795,553.62,552.86,0.8,26.91
2021-04-12 15:15:00,551.795,552.865,551.53,552.615,553.44,552.78,18.56,19.32
2021-04-12 15:20:00,552.615,553.5,552.55,552.755,553.32,552.77,20.96,15.11
2021-04-12 15:25:00,552.755,552.755,551.9,552.08,553.09,552.54,9.41,13.51
2021-04-12 15:30:00,552.08,552.18,551.58,551.595,552.82,552.22,1.11,13.02
2021-04-12 15:35:00,551.595,552.73,551.53,552.425,552.75,552.29,15.31,12.09
2021-04-12 15:40:00,552.425,553.38,552.425,553.2,552.83,552.59,28.57,12.25
2021-04-12 15:45:00,553.2,553.88,552.665,552.775,552.82,552.65,21.3,13.53
2021-04-12 15:50:00,552.775,553.705,552.515,552.55,552.77,552.62,17.45,16.46
2021-04-12 15:55:00,552.55,553.17,552.29,552.915,552.8,552.72,24.56,16.3
2021-04-13 09:30:00,557.305,558.19,555.4,556.595,553.49,554.01,76.05,16.82
2021-04-13 09:35:00,556.595,559.275,555.77,557.41,554.2,555.14,75.92,26.34
2021-04-13 09:40:00,557.41,558.08,555.925,557.4,554.78,555.89,75.79,37.02
2021-04-13 09:45:00,557.4,557.865,556.585,557.355,555.25,556.38,75.21,45.66
2021-04-13 09:50:00,557.355,557.77,556.195,557.365,555.63,556.71,75.34,52.33
2021-04-13 09:55:00,557.365,557.64,556.29,556.415,555.77,556.61,63.07,60.05
2021-04-13 10:00:00,556.415,557.115,555.55,556.425,555.89,556.55,63.2,66.56
2021-04-13 10:05:00,556.425,557.01,555.97,556.915,556.08,556.67,69.53,72.08
2021-04-13 10:10:00,556.915,558.51,556.705,558.325,556.49,557.22,87.73,71.15
2021-04-13 10:15:00,558.325,559.735,558.31,559.12,556.97,557.85,92.5,72.84
2021-04-13 10:20:00,559.12,559.42,557.28,557.64,557.09,557.78,74.47,75.23
2021-04-13 10:25:00,557.64,558.21,557.28,558.21,557.29,557.92,81.41,75.12
2021-04-13 10:30:00,558.21,558.725,557.26,557.535,557.33,557.79,73.19,75.99
2021-04-13 10:35:00,557.535,557.73,555.72,556.29,557.14,557.29,58.01,77.43
2021-04-13 10:40:00,556.29,557.6,555.76,557.035,557.12,557.2,67.09,76.69
2021-04-13 10:45:00,557.035,557.135,556.15,556.33,556.98,556.91,58.5,76.34
2021-04-13 10:50:00,556.33,556.7,555.24,555.695,556.75,556.5,45.74,72.17
2021-04-13 10:55:00,555.695,555.865,555.09,555.09,556.45,556.03,37.61,65.49
2021-04-13 11:00:00,555.09,555.61,554.425,555.24,556.23,555.77,39.62,60.22
2021-04-13 11:05:00,555.24,555.485,554.255,554.515,555.92,555.35,29.89,54.25
2021-04-13 11:10:00,554.515,555.315,554.4,555.265,555.8,555.32,18.43,48.07
2021-04-13 11:15:00,555.265,555.43,554.625,555.1,555.67,555.25,15.42,42.41
2021-04-13 11:20:00,555.1,555.15,554.535,554.745,555.5,555.08,8.94,35.03
2021-04-13 11:25:00,554.745,555.045,554.35,554.855,555.38,555.0,10.95,27.95
2021-04-13 11:30:00,554.855,555.03,554.17,554.265,555.18,554.76,1.71,22.98
2021-04-13 11:35:00,554.265,554.265,552.715,553.37,554.85,554.3,9.33,17.85
2021-04-13 11:40:00,553.37,554.66,553.3,554.66,554.82,554.42,27.71,13.52
2021-04-13 11:45:00,554.66,554.925,553.65,553.675,554.61,554.17,13.68,13.21
2021-04-13 11:50:00,553.675,554.39,553.07,553.36,554.38,553.9,9.19,12.53
2021-04-13 11:55:00,553.36,554.16,553.36,554.005,554.31,553.93,18.38,11.64
2021-04-13 12:00:00,554.005,554.545,553.78,553.785,554.21,553.88,15.96,12.99
2021-04-13 12:05:00,553.785,553.785,553.055,553.215,554.03,553.66,8.32,13.71
2021-04-13 12:10:00,553.215,553.465,552.98,553.005,553.84,553.44,4.83,14.65
2021-04-13 12:15:00,553.005,553.22,552.345,552.72,553.64,553.2,6.96,14.01
2021-04-13 12:20:00,552.72,553.015,552.045,552.105,553.36,552.84,1.08,11.05
2021-04-13 12:25:00,552.105,552.145,551.67,551.8,553.08,552.49,2.38,9.25
2021-04-13 12:30:00,551.8,551.8,551.115,551.36,552.77,552.11,4.39,8.27
2021-04-13 12:35:00,551.36,552.42,551.36,551.77,552.59,552.0,13.79,6.27
2021-04-13 12:40:00,551.77,552.805,551.34,552.77,552.62,552.26,36.82,5.96
2021-04-13 12:45:00,552.77,553.16,552.415,553.055,552.7,552.52,44.39,10.04
2021-04-13 12:50:00,553.055,553.285,552.35,552.435,552.65,552.49,30.59,15.69
2021-04-13 12:55:00,552.435,553.27,552.2,553.065,552.73,552.68,45.19,19.06
2021-04-13 13:00:00,553.065,553.88,553.04,553.64,552.9,553.0,62.58,25.36
2021-04-13 13:05:00,553.64,553.775,553.305,553.605,553.03,553.2,63.36,33.96
2021-04-13 13:10:00,553.605,553.88,553.43,553.575,553.13,553.33,62.84,42.39
2021-04-13 13:15:00,553.575,553.92,553.23,553.23,553.15,553.3,55.51,49.4
2021-04-13 13:20:00,553.23,553.655,553.205,553.585,553.23,553.4,64.83,52.07
2021-04-13 13:25:00,553.585,553.81,553.455,553.52,553.28,553.44,63.12,54.99
2021-04-13 13:30:00,553.52,553.525,552.905,553.035,553.24,553.31,55.98,59.63
2021-04-13 13:35:00,553.035,553.285,552.715,552.78,553.16,553.13,48.54,61.17
2021-04-13 13:40:00,552.78,553.295,552.74,552.815,553.1,553.02,49.56,59.17
2021-04-13 13:45:00,552.815,553.53,552.51,553.27,553.13,553.1,76.83,57.2
2021-04-13 13:50:00,553.27,553.3,552.46,552.51,553.02,552.9,49.73,59.2
2021-04-13 13:55:00,552.51,552.635,552.03,552.13,552.86,552.64,36.19,58.37
2021-04-13 14:00:00,552.13,552.145,551.215,551.225,552.56,552.17,3.92,54.28
2021-04-13 14:05:00,551.225,551.335,550.555,550.625,552.21,551.66,2.08,45.82
2021-04-13 14:10:00,550.625,551.205,550.295,551.195,552.03,551.5,24.83,38.12
2021-04-13 14:15:00,551.195,552.235,551.145,552.23,552.07,551.74,53.38,34.73
2021-04-13 14:20:00,552.23,552.25,551.73,551.88,552.04,551.79,43.72,35.28
2021-04-13 14:25:00,551.88,551.88,551.17,551.435,551.93,551.67,31.45,30.55
2021-04-13 14:30:00,551.435,551.625,550.9,551.33,551.82,551.56,28.55,27.94
2021-04-13 14:35:00,551.33,552.05,551.33,551.53,551.77,551.55,34.07,26.85
2021-04-13 14:40:00,551.53,551.685,551.155,551.395,551.7,551.5,30.34,31.15
2021-04-13 14:45:00,551.395,551.635,551.315,551.595,551.68,551.53,35.86,35.19
2021-04-13 14:50:00,551.595,552.045,551.095,551.71,551.69,551.59,39.03,36.77
2021-04-13 14:55:00,551.71,551.98,551.645,551.915,551.73,551.7,44.69,34.72
2021-04-13 15:00:00,551.915,552.25,551.475,551.715,551.73,551.71,40.4,34.86
2021-04-13 15:05:00,551.715,552.405,551.185,552.095,551.8,551.84,51.21,36.13
2021-04-13 15:10:00,552.095,552.92,552.09,552.895,552.0,552.19,80.37,39.37
2021-04-13 15:15:00,552.895,554.04,552.885,553.93,552.35,552.77,97.06,45.99
2021-04-13 15:20:00,553.93,554.51,553.735,554.51,552.74,553.35,100.0,55.52
2021-04-13 15:25:00,554.51,554.845,554.035,554.255,553.02,553.65,87.03,64.68
2021-04-13 15:30:00,554.255,554.5,553.7,553.88,553.18,553.73,78.79,71.54
2021-04-13 15:35:00,553.88,554.175,553.61,553.685,553.27,553.72,74.51,76.41
2021-04-13 15:40:00,553.685,553.935,553.21,553.305,553.28,553.58,66.15,81.28
2021-04-13 15:45:00,553.305,553.59,553.075,553.555,553.33,553.57,71.65,83.42
2021-04-13 15:50:00,553.555,553.91,553.36,553.8,553.42,553.65,77.03,82.17
2021-04-13 15:55:00,553.8,554.22,553.695,553.73,553.48,553.68,71.74,79.31
2021-04-14 09:30:00,554.62,554.62,551.23,552.82,553.36,553.39,48.67,75.27
2021-04-14 09:35:00,552.82,552.845,550.15,550.635,552.86,552.47,10.33,69.79
2021-04-14 09:40:00,550.635,550.635,548.255,549.21,552.2,551.38,14.49,60.01
2021-04-14 09:45:00,549.21,550.105,548.645,549.11,551.64,550.62,12.97,51.44
2021-04-14 09:50:00,549.11,549.76,548.245,549.425,551.24,550.22,17.88,43.84
2021-04-14 09:55:00,549.425,549.79,548.185,549.215,550.87,549.88,15.47,36.16
2021-04-14 10:00:00,549.215,549.225,546.45,546.73,550.12,548.83,3.34,27.36
2021-04-14 10:05:00,546.73,547.6,546.2,547.37,549.62,548.34,13.53,17.59
2021-04-14 10:10:00,547.37,547.37,545.12,545.49,548.87,547.39,3.8,12.57
2021-04-14 10:15:00,545.49,546.13,544.48,545.065,548.18,546.62,5.64,11.64
2021-04-14 10:20:00,545.065,545.115,543.865,544.34,547.48,545.86,4.33,10.38
2021-04-14 10:25:00,544.34,544.7,543.57,543.99,546.85,545.24,3.73,9.14
2021-04-14 10:30:00,543.99,545.645,543.99,545.54,546.61,545.34,17.47,7.12
2021-04-14 10:35:00,545.54,545.86,544.26,544.295,546.19,544.99,6.43,7.41
2021-04-14 10:40:00,544.295,544.735,541.93,542.27,545.48,544.08,2.68,7.85
2021-04-14 10:45:00,542.27,543.975,542.105,543.81,545.18,543.99,14.81,6.3
2021-04-14 10:50:00,543.81,543.815,542.885,543.25,544.83,543.74,10.4,7.87
2021-04-14 10:55:00,543.25,543.47,542.075,542.27,544.36,543.25,2.68,8.55
2021-04-14 11:00:00,542.27,543.28,541.81,541.96,543.92,542.82,1.17,8.31
2021-04-14 11:05:00,541.96,542.02,540.97,541.155,543.42,542.26,1.36,7.95
2021-04-14 11:10:00,541.155,541.82,541.065,541.3,543.03,541.94,2.42,5.65
2021-04-14 11:15:00,541.3,541.595,540.695,540.835,542.63,541.57,1.15,5.07
2021-04-14 11:20:00,540.835,541.07,539.4,539.745,542.11,540.96,3.07,4.86
2021-04-14 11:25:00,539.745,540.25,539.35,540.245,541.77,540.72,8.32,3.18
2021-04-14 11:30:00,540.245,540.735,539.895,540.625,541.56,540.69,12.21,2.88
2021-04-14 11:35:00,540.625,542.7,540.55,542.7,541.77,541.36,32.09,4.24
2021-04-14 11:40:00,542.7,543.205,542.49,543.13,542.02,541.95,38.28,8.66
2021-04-14 11:45:00,543.13,543.145,541.885,542.87,542.17,542.26,42.67,13.93
2021-04-14 11:50:00,542.87,542.935,542.35,542.775,542.28,542.43,42.71,19.68
2021-04-14 11:55:00,542.775,543.85,542.61,543.815,542.56,542.89,65.86,25.62
2021-04-14 12:00:00,543.815,543.99,542.525,542.74,542.59,542.84,52.07,34.59
2021-04-14 12:05:00,542.74,542.995,542.235,542.405,542.56,542.7,46.93,40.84
2021-04-14 12:10:00,542.405,542.405,541.455,541.56,542.38,542.32,33.95,45.8
2021-04-14 12:15:00,541.56,541.89,541.12,541.46,542.21,542.03,32.41,46.07
2021-04-14 12:20:00,541.46,542.235,541.375,541.94,542.16,542.0,48.1,45.23
2021-04-14 12:25:00,541.94,542.655,541.89,542.42,542.21,542.14,66.16,46.0
2021-04-14 12:30:00,542.42,543.27,542.2,542.81,542.32,542.36,74.57,49.35
2021-04-14 12:35:00,542.81,543.605,542.69,543.375,542.51,542.7,86.75,50.6
2021-04-14 12:40:00,543.375,543.97,543.325,543.85,542.75,543.08,96.98,55.55
2021-04-14 12:45:00,543.85,543.85,543.08,543.415,542.87,543.19,87.61,62.7
2021-04-14 12:50:00,543.415,544.35,543.41,543.895,543.06,543.43,90.9,70.37
2021-04-14 12:55:00,543.895,545.395,543.875,545.09,543.43,543.98,94.95,78.72
2021-04-14 13:00:00,545.09,545.145,544.29,544.48,543.62,544.15,84.86,85.42
2021-04-14 13:05:00,544.48,545.375,544.42,545.32,543.93,544.54,98.76,88.09
2021-04-14 13:10:00,545.32,545.595,545.06,545.37,544.19,544.82,96.05,91.54
2021-04-14 13:15:00,545.37,545.925,544.765,544.765,544.29,544.8,78.42,92.87
2021-04-14 13:20:00,544.765,545.385,544.71,545.235,544.46,544.94,85.64,90.22
2021-04-14 13:25:00,545.235,545.705,545.235,545.45,544.64,545.11,90.11,89.94
2021-04-14 13:30:00,545.45,545.45,544.74,544.87,544.68,545.03,78.04,89.83
2021-04-14 13:35:00,544.87,545.125,544.44,544.93,544.73,545.0,79.29,87.41
2021-04-14 13:40:00,544.93,545.005,544.35,544.96,544.77,544.99,79.92,86.62
2021-04-14 13:45:00,544.96,545.495,544.875,545.31,544.87,545.1,87.2,83.92
2021-04-14 13:50:00,545.31,545.325,544.595,544.88,544.87,545.03,78.25,82.66
2021-04-14 13:55:00,544.88,545.15,542.225,542.535,544.45,544.2,29.45,82.64
2021-04-14 14:00:00,542.535,542.57,541.195,541.88,543.98,543.43,14.48,74.61
2021-04-14 14:05:00,541.88,541.885,540.91,541.13,543.46,542.66,4.39,63.8
2021-04-14 14:10:00,541.13,541.83,540.91,541.59,543.12,542.3,13.56,53.28
2021-04-14 14:15:00,541.59,541.925,541.105,541.56,542.84,542.05,12.96,43.89
2021-04-14 14:20:00,541.56,541.99,541.375,541.515,542.6,541.87,12.06,34.33
2021-04-14 14:25:00,541.515,542.05,541.43,541.735,542.44,541.83,16.45,23.59
2021-04-14 14:30:00,541.735,542.92,541.725,542.475,542.45,542.05,31.21,14.76
2021-04-14 14:35:00,542.475,543.31,542.27,543.11,542.57,542.4,43.87,15.02
2021-04-14 14:40:00,543.11,544.155,543.09,543.605,542.76,542.8,53.74,19.21
2021-04-14 14:45:00,543.605,543.71,542.29,542.555,542.72,542.72,32.8,26.26
2021-04-14 14:50:00,542.555,542.88,541.755,541.935,542.58,542.46,20.44,29.01
2021-04-14 14:55:00,541.935,542.245,541.315,541.505,542.38,542.14,11.86,30.08
2021-04-14 15:00:00,541.505,541.51,540.47,541.345,542.19,541.88,16.71,30.05
2021-04-14 15:05:00,541.345,541.53,540.235,540.385,541.86,541.38,2.74,30.09
2021-04-14 15:10:00,540.385,541.055,539.9,540.93,541.69,541.23,18.41,26.02
2021-04-14 15:15:00,540.93,541.87,540.845,541.58,541.67,541.35,30.03,22.39
2021-04-14 15:20:00,541.58,541.635,540.985,541.225,541.59,541.31,23.68,19.0
2021-04-14 15:25:00,541.225,542.275,541.195,541.77,541.62,541.46,33.42,17.7
2021-04-14 15:30:00,541.77,542.31,541.385,541.64,541.62,541.52,32.07,19.55
2021-04-14 15:35:00,541.64,541.785,540.385,540.55,541.43,541.2,12.38,22.44
2021-04-14 15:40:00,540.55,540.725,539.675,540.01,541.17,540.8,7.48,21.82
2021-04-14 15:45:00,540.01,540.365,539.665,539.795,540.92,540.46,2.9,22.5
2021-04-14 15:50:00,539.795,540.895,539.225,539.425,540.65,540.12,4.06,20.28
2021-04-14 15:55:00,539.425,540.175,538.52,540.175,540.56,540.14,29.37,16.57
2021-04-15 09:30:00,543.37,546.395,542.71,545.585,541.47,541.96,89.71,17.38
2021-04-15 09:35:00,545.585,547.085,544.045,547.05,542.48,543.66,99.59,25.42
2021-04-15 09:40:00,547.05,548.835,546.88,548.455,543.57,545.26,96.32,35.07
2021-04-15 09:45:00,548.455,549.76,548.1,548.1,544.39,546.21,85.23,47.06
2021-04-15 09:50:00,548.1,550.695,548.1,548.795,545.19,547.07,84.39,58.17
2021-04-15 09:55:00,548.795,549.69,546.405,547.025,545.52,547.06,69.86,69.81
2021-04-15 10:00:00,547.025,547.75,545.16,545.565,545.53,546.56,57.86,79.21
2021-04-15 10:05:00,545.565,545.75,544.96,545.425,545.51,546.18,56.71,83.28
2021-04-15 10:10:00,545.425,546.665,544.275,545.555,545.52,545.97,57.78,78.57
2021-04-15 10:15:00,545.555,547.365,545.555,547.285,545.84,546.41,71.99,72.59
2021-04-15 10:20:00,547.285,547.675,546.325,546.475,545.96,546.43,65.34,69.12
2021-04-15 10:25:00,546.475,546.765,545.83,546.11,545.99,546.32,62.34,66.28
2021-04-15 10:30:00,546.11,547.815,546.055,547.47,546.26,546.7,73.51,63.13
2021-04-15 10:35:00,547.47,547.53,546.615,546.63,546.33,546.68,66.61,63.65
2021-04-15 10:40:00,546.63,547.065,545.79,546.145,546.3,546.5,62.63,64.9
2021-04-15 10:45:00,546.145,546.73,545.505,546.245,546.29,546.42,63.45,65.74
2021-04-15 10:50:00,546.245,547.005,546.1,546.91,546.4,546.58,68.91,66.55
2021-04-15 10:55:00,546.91,547.2,546.165,546.835,546.48,546.67,68.3,66.11
2021-04-15 11:00:00,546.835,548.61,546.795,548.4,546.83,547.25,81.15,66.54
2021-04-15 11:05:00,548.4,549.375,548.37,549.155,547.25,547.88,87.35,69.22
2021-04-15 11:10:00,549.155,550.29,548.83,549.655,547.69,548.47,86.98,71.2
2021-04-15 11:15:00,549.655,551.425,549.455,551.155,548.32,549.36,96.34,74.11
2021-04-15 11:20:00,551.155,551.45,550.465,550.875,548.78,549.86,91.99,78.93
2021-04-15 11:25:00,550.875,551.035,549.6,550.045,549.01,549.92,80.42,83.0
2021-04-15 11:30:00,550.045,550.19,548.815,549.045,549.02,549.63,66.48,84.65
2021-04-15 11:35:00,549.045,549.325,547.635,548.185,548.87,549.15,54.49,84.39
2021-04-15 11:40:00,548.185,548.925,547.52,548.925,548.88,549.07,64.81,80.58
2021-04-15 11:45:00,548.925,549.76,548.81,549.53,549.0,549.22,73.24,77.36
2021-04-15 11:50:00,549.53,549.775,549.035,549.48,549.09,549.31,72.54,75.4
2021-04-15 11:55:00,549.48,550.14,549.095,550.14,549.28,549.59,77.96,72.0
2021-04-15 12:00:00,550.14,550.425,548.72,548.995,549.23,549.39,58.7,69.99
2021-04-15 12:05:00,548.995,549.745,548.82,549.74,549.32,549.51,71.24,66.89
2021-04-15 12:10:00,549.74,549.925,549.155,549.775,549.4,549.6,71.83,67.57
2021-04-15 12:15:00,549.775,550.275,549.735,549.855,549.48,549.69,73.17,70.05
2021-04-15 12:20:00,549.855,550.545,549.05,550.48,549.66,549.95,83.68,71.24
2021-04-15 12:25:00,550.48,550.93,550.205,550.925,549.89,550.28,91.17,72.73
2021-04-15 12:30:00,550.925,552.075,550.92,551.92,550.26,550.83,97.41,75.39
2021-04-15 12:35:00,551.92,552.145,551.575,552.13,550.6,551.26,99.75,78.17
2021-04-15 12:40:00,552.13,552.715,551.785,552.345,550.92,551.62,93.75,84.04
2021-04-15 12:45:00,552.345,552.425,551.5,551.915,551.1,551.72,84.6,87.25
2021-04-15 12:50:00,551.915,551.99,550.985,551.455,551.16,551.63,75.75,89.08
2021-04-15 12:55:00,551.455,552.45,551.365,552.45,551.39,551.9,94.9,89.44
2021-04-15 13:00:00,552.45,553.13,551.775,552.1,551.52,551.97,81.64,91.05
2021-04-15 13:05:00,552.1,552.83,551.55,551.65,551.54,551.86,73.62,89.69
2021-04-15 13:10:00,551.65,551.81,551.155,551.385,551.51,551.7,68.89,86.29
2021-04-15 13:15:00,551.385,552.09,551.26,551.35,551.48,551.58,68.27,81.88
2021-04-15 13:20:00,551.35,552.19,551.165,552.12,551.6,551.76,82.0,78.24
2021-04-15 13:25:00,552.12,552.595,552.06,552.44,551.75,551.99,84.35,77.87
2021-04-15 13:30:00,552.44,553.38,552.425,553.01,551.98,552.33,92.06,79.1
2021-04-15 13:35:00,553.01,553.435,552.54,552.805,552.13,552.49,86.64,78.69
2021-04-15 13:40:00,552.805,553.115,552.685,552.74,552.24,552.57,85.26,79.4
2021-04-15 13:45:00,552.74,553.04,552.255,552.845,552.35,552.66,87.22,81.07
2021-04-15 13:50:00,552.845,552.85,552.095,552.235,552.33,552.52,72.63,83.69
2021-04-15 13:55:00,552.235,552.485,551.84,551.95,552.26,552.33,66.13,84.31
2021-04-15 14:00:00,551.95,552.705,551.6,552.61,552.32,552.42,81.19,82.04
2021-04-15 14:05:00,552.61,552.725,551.94,552.185,552.3,552.34,61.3,81.59
2021-04-15 14:10:00,552.185,552.3,551.165,551.19,552.1,551.96,10.74,77.2
2021-04-15 14:15:00,551.19,551.785,551.13,551.145,551.93,551.69,6.53,66.35
2021-04-15 14:20:00,551.145,551.285,550.785,550.825,551.73,551.4,1.51,55.11
2021-04-15 14:25:00,550.825,551.32,550.255,551.24,551.64,551.35,30.97,42.86
2021-04-15 14:30:00,551.24,551.395,550.395,550.45,551.42,551.05,6.13,36.91
2021-04-15 14:35:00,550.45,551.255,550.41,550.76,551.3,550.95,15.88,28.34
2021-04-15 14:40:00,550.76,550.775,550.06,550.24,551.11,550.71,5.33,19.01
2021-04-15 14:45:00,550.24,550.385,549.34,549.725,550.86,550.38,9.4,11.01
2021-04-15 14:50:00,549.725,550.265,549.62,549.855,550.68,550.21,12.58,10.82
2021-04-15 14:55:00,549.855,549.92,549.365,549.79,550.52,550.07,10.99,11.69
2021-04-15 15:00:00,549.79,549.82,548.95,549.085,550.26,549.74,3.01,13.04
2021-04-15 15:05:00,549.085,549.695,549.07,549.49,550.12,549.66,12.04,9.05
2021-04-15 15:10:00,549.49,549.49,548.36,548.785,549.88,549.37,8.37,9.89
2021-04-15 15:15:00,548.785,548.835,548.165,548.41,549.61,549.05,4.65,8.82
2021-04-15 15:20:00,548.41,548.52,547.785,548.16,549.35,548.75,7.04,8.72
2021-04-15 15:25:00,548.16,548.39,547.855,548.185,549.14,548.56,7.61,8.38
2021-04-15 15:30:00,548.185,549.07,548.18,549.07,549.13,548.73,25.37,7.67
2021-04-15 15:35:00,549.07,549.865,549.015,549.08,549.12,548.85,26.21,9.73
2021-04-15 15:40:00,549.08,549.305,548.28,548.74,549.05,548.81,19.33,13.04
2021-04-15 15:45:00,548.74,548.94,548.44,548.84,549.01,548.82,21.36,14.08
2021-04-15 15:50:00,548.84,549.94,548.83,549.5,549.1,549.05,37.98,15.94
2021-04-15 15:55:00,549.5,549.8,548.565,549.11,549.1,549.07,33.13,20.7
2021-04-16 09:30:00,550.52,551.74,545.8,547.0,548.72,548.38,20.2,24.43
2021-04-16 09:35:00,547.0,547.79,545.78,546.1,548.24,547.62,5.37,26.23
2021-04-16 09:40:00,546.1,547.0,545.21,546.23,547.87,547.16,15.62,23.37
2021-04-16 09:45:00,546.23,546.235,544.745,545.335,547.41,546.55,8.43,21.86
2021-04-16 09:50:00,545.335,545.34,543.415,543.48,546.7,545.53,0.78,20.3
2021-04-16 09:55:00,543.48,543.48,541.015,541.175,545.7,544.08,1.49,17.36
2021-04-16 10:00:00,541.175,541.32,539.615,541.225,544.89,543.13,13.28,12.15
2021-04-16 10:05:00,541.225,543.07,541.04,542.96,544.54,543.07,27.59,9.31
2021-04-16 10:10:00,542.96,543.37,542.635,542.87,544.24,543.0,26.85,10.37
2021-04-16 10:15:00,542.87,543.45,542.325,543.425,544.09,543.14,31.42,13.43
2021-04-16 10:20:00,543.425,544.315,543.26,543.57,544.0,543.28,32.62,15.69
2021-04-16 10:25:00,543.57,544.405,543.195,543.215,543.86,543.26,29.69,19.15
2021-04-16 10:30:00,543.215,544.49,543.15,543.5,543.79,543.34,32.04,23.28
2021-04-16 10:35:00,543.5,544.67,543.5,544.13,543.85,543.6,37.24,27.64
2021-04-16 10:40:00,544.13,544.8,544.055,544.535,543.97,543.91,40.58,31.06
2021-04-16 10:45:00,544.535,545.305,544.18,545.225,544.2,544.35,46.27,32.92
2021-04-16 10:50:00,545.225,545.4,544.61,544.91,544.33,544.54,43.67,35.69
2021-04-16 10:55:00,544.91,545.185,544.27,544.44,544.35,544.51,39.79,37.44
2021-04-16 11:00:00,544.44,544.51,543.16,543.695,544.23,544.24,33.65,38.47
2021-04-16 11:05:00,543.695,544.47,543.695,544.275,544.24,544.25,38.43,39.03
2021-04-16 11:10:00,544.275,544.605,543.735,543.735,544.15,544.08,33.98,39.95
2021-04-16 11:15:00,543.735,544.075,542.86,543.765,544.08,543.98,50.76,39.48
2021-04-16 11:20:00,543.765,544.695,543.71,544.475,544.15,544.14,65.81,40.94
2021-04-16 11:25:00,544.475,544.825,543.31,543.645,544.06,543.98,60.88,43.73
2021-04-16 11:30:00,543.645,544.005,543.335,543.335,543.93,543.76,64.3,46.19
2021-04-16 11:35:00,543.335,543.97,543.07,543.78,543.9,543.77,72.0,49.69
2021-04-16 11:40:00,543.78,543.81,542.89,543.09,543.75,543.54,60.07,55.17
2021-04-16 11:45:00,543.09,543.275,542.905,543.15,543.64,543.41,48.39,58.26
2021-04-16 11:50:00,543.15,543.825,542.85,543.64,543.64,543.49,42.76,60.32
2021-04-16 11:55:00,543.64,544.77,543.295,543.985,543.7,543.66,53.98,59.17
2021-04-16 12:00:00,543.985,544.465,543.85,543.85,543.73,543.72,39.22,57.48
2021-04-16 12:05:00,543.85,544.825,543.535,544.79,543.92,544.08,76.08,54.39
2021-04-16 12:10:00,544.79,546.685,544.79,546.32,544.36,544.83,90.48,56.07
2021-04-16 12:15:00,546.32,546.425,545.715,545.81,544.62,545.16,77.18,58.71
2021-04-16 12:20:00,545.81,546.575,545.525,546.325,544.93,545.55,90.61,61.16
2021-04-16 12:25:00,546.325,547.2,545.22,545.315,545.0,545.47,56.67,67.19
2021-04-16 12:30:00,545.315,545.8,545.21,545.26,545.05,545.4,55.4,69.17
2021-04-16 12:35:00,545.26,545.7,544.925,545.565,545.14,545.46,62.41,69.38
2021-04-16 12:40:00,545.565,545.88,545.53,545.655,545.23,545.52,64.48,72.69
2021-04-16 12:45:00,545.655,546.11,545.575,546.105,545.39,545.72,74.83,71.03
2021-04-16 12:50:00,546.105,546.115,545.245,545.55,545.42,545.66,62.07,68.8
2021-04-16 12:55:00,545.55,545.765,545.09,545.3,545.4,545.54,56.32,66.64
2021-04-16 13:00:00,545.3,545.52,544.84,545.135,545.35,545.4,52.53,61.74
2021-04-16 13:05:00,545.135,545.655,545.135,545.275,545.34,545.36,55.75,61.15
2021-04-16 13:10:00,545.275,545.275,544.145,544.21,545.13,544.98,31.26,61.2
2021-04-16 13:15:00,544.21,544.405,543.775,543.8,544.89,544.59,21.84,56.75
2021-04-16 13:20:00,543.8,543.805,543.185,543.485,544.63,544.22,14.6,50.66
2021-04-16 13:25:00,543.485,544.315,543.41,543.755,544.47,544.07,20.8,42.05
2021-04-16 13:30:00,543.755,543.93,543.61,543.675,544.33,543.94,18.97,36.16
2021-04-16 13:35:00,543.675,544.05,543.33,543.875,544.25,543.92,17.19,30.82
2021-04-16 13:40:00,543.875,543.95,543.22,543.36,544.09,543.73,4.36,25.77
2021-04-16 13:45:00,543.36,543.75,543.075,543.195,543.93,543.55,2.91,18.43
2021-04-16 13:50:00,543.195,543.625,542.925,543.135,543.79,543.41,4.91,14.38
2021-04-16 13:55:00,543.135,543.28,542.98,543.125,543.67,543.31,4.68,11.96
2021-04-16 14:00:00,543.125,544.28,543.115,544.265,543.78,543.63,31.35,10.55
2021-04-16 14:05:00,544.265,545.44,544.145,545.095,544.02,544.12,50.76,12.05
2021-04-16 14:10:00,545.095,545.225,544.685,544.86,544.17,544.37,60.66,16.59
2021-04-16 14:15:00,544.86,545.06,544.37,544.455,544.22,544.4,47.96,22.8
2021-04-16 14:20:00,544.455,545.125,544.41,545.05,544.37,544.62,66.61,29.03
2021-04-16 14:25:00,545.05,545.345,545.03,545.085,544.5,544.78,67.71,38.13
2021-04-16 14:30:00,545.085,545.185,544.55,544.645,544.53,544.74,53.92,47.1
2021-04-16 14:35:00,544.645,544.745,544.58,544.605,544.54,544.7,59.15,54.14
2021-04-16 14:40:00,544.605,544.745,544.405,544.405,544.52,544.6,54.21,58.11
2021-04-16 14:45:00,544.405,544.59,544.335,544.425,544.5,544.54,54.95,58.6
2021-04-16 14:50:00,544.425,544.505,544.11,544.225,544.45,544.43,51.69,57.79
2021-04-16 14:55:00,544.225,544.235,543.68,543.685,544.31,544.18,30.22,58.32
2021-04-16 15:00:00,543.685,544.14,543.645,543.695,544.2,544.02,30.62,53.12
2021-04-16 15:05:00,543.695,543.81,543.59,543.71,544.11,543.92,31.21,47.82
2021-04-16 15:10:00,543.71,543.915,543.44,543.9,544.07,543.91,38.77,44.58
2021-04-16 15:15:00,543.9,543.965,543.485,543.705,544.0,543.84,31.01,41.67
2021-04-16 15:20:00,543.705,544.475,543.52,544.385,544.07,544.02,58.05,38.35
2021-04-16 15:25:00,544.385,544.595,544.12,544.38,544.13,544.14,57.85,38.8
2021-04-16 15:30:00,544.38,544.83,544.23,544.405,544.18,544.23,58.85,39.68
2021-04-16 15:35:00,544.405,545.11,544.21,545.03,544.33,544.5,83.33,43.77
2021-04-16 15:40:00,545.03,545.57,544.65,545.465,544.54,544.82,95.72,51.3
2021-04-16 15:45:00,545.465,545.53,545.08,545.35,544.69,545.0,89.67,60.51
2021-04-16 15:50:00,545.35,546.555,545.09,546.255,544.97,545.42,90.37,67.78
2021-04-16 15:55:00,546.255,546.725,545.825,546.52,545.25,545.79,93.76,76.26
2021-04-19 09:30:00,547.31,556.245,545.92,554.235,546.88,548.6,84.3,81.36
2021-04-19 09:35:00,554.235,555.665,552.285,553.97,548.17,550.39,82.23,85.14
2021-04-19 09:40:00,553.97,555.15,552.615,553.995,549.23,551.59,82.43,88.48
2021-04-19 09:45:00,553.995,554.56,550.64,550.72,549.5,551.3,56.85,88.35
2021-04-19 09:50:00,550.72,551.315,549.525,551.24,549.82,551.28,60.91,82.8
2021-04-19 09:55:00,551.24,551.91,549.7,550.35,549.92,550.97,53.96,78.69
2021-04-19 10:00:00,550.35,551.68,548.425,548.605,549.68,550.18,40.34,73.49
2021-04-19 10:05:00,548.605,549.06,546.185,547.54,549.29,549.3,32.02,65.86
2021-04-19 10:10:00,547.54,548.44,546.67,547.525,548.97,548.71,31.9,58.39
2021-04-19 10:15:00,547.525,548.09,546.21,547.905,548.78,548.44,34.87,51.2
2021-04-19 10:20:00,547.905,548.36,546.865,547.97,548.63,548.28,35.38,44.41
2021-04-19 10:25:00,547.97,548.41,547.64,548.055,548.53,548.2,35.82,41.34
2021-04-19 10:30:00,548.055,548.77,547.485,548.42,548.51,548.27,38.51,37.76
2021-04-19 10:35:00,548.42,548.695,547.605,548.28,548.47,548.27,34.31,35.55
2021-04-19 10:40:00,548.28,548.585,547.165,547.525,548.3,548.02,27.54,34.69
2021-04-19 10:45:00,547.525,547.525,545.61,546.445,547.96,547.5,18.57,34.05
2021-04-19 10:50:00,546.445,548.635,546.055,548.255,548.01,547.75,31.09,32.14
2021-04-19 10:55:00,548.255,549.88,548.255,549.435,548.27,548.31,39.01,31.6
2021-04-19 11:00:00,549.435,550.61,549.35,549.64,548.52,548.75,40.79,32.12
2021-04-19 11:05:00,549.64,551.49,548.635,551.36,549.04,549.62,54.07,32.83
2021-04-19 11:10:00,551.36,551.67,549.91,550.81,549.36,550.02,48.9,35.05
2021-04-19 11:15:00,550.81,551.005,549.375,550.06,549.49,550.03,44.26,37.14
2021-04-19 11:20:00,550.06,550.535,549.275,549.63,549.52,549.9,42.14,39.53
2021-04-19 11:25:00,549.63,550.145,548.615,549.515,549.52,549.77,43.63,42.89
2021-04-19 11:30:00,549.515,549.605,546.56,547.19,549.1,548.91,25.08,44.69
2021-04-19 11:35:00,547.19,547.28,546.31,547.145,548.74,548.32,24.37,42.7
2021-04-19 11:40:00,547.145,548.14,546.885,547.14,548.45,547.93,25.21,40.35
2021-04-19 11:45:00,547.14,547.795,546.53,547.18,548.22,547.68,25.91,36.23
2021-04-19 11:50:00,547.18,548.64,547.11,548.4,548.25,547.92,46.04,32.94
2021-04-19 11:55:00,548.4,548.465,547.075,547.65,548.14,547.83,33.66,33.2
2021-04-19 12:00:00,547.65,547.79,545.845,545.975,547.75,547.21,6.02,31.99
2021-04-19 12:05:00,545.975,547.375,545.53,547.325,547.67,547.25,29.23,26.61
2021-04-19 12:10:00,547.325,547.815,546.88,547.425,547.63,547.31,30.86,27.21
2021-04-19 12:15:00,547.425,548.81,547.42,548.695,547.82,547.77,51.55,28.13
2021-04-19 12:20:00,548.695,549.235,548.06,548.35,547.92,547.96,45.93,31.9
2021-04-19 12:25:00,548.35,548.405,546.405,547.205,547.79,547.71,27.28,34.76
2021-04-19 12:30:00,547.205,547.375,546.06,546.27,547.51,547.23,12.05,32.08
2021-04-19 12:35:00,546.27,547.86,546.05,547.12,547.44,547.19,25.9,28.99
2021-04-19 12:40:00,547.12,547.15,545.575,546.155,547.21,546.84,10.18,31.83
2021-04-19 12:45:00,546.155,546.745,545.66,546.23,547.03,546.64,11.4,29.11
2021-04-19 12:50:00,546.23,547.365,546.135,546.84,547.0,546.71,21.34,26.33
2021-04-19 12:55:00,546.84,548.155,546.63,547.4,547.07,546.94,34.16,22.01
2021-04-19 13:00:00,547.4,548.045,546.95,547.485,547.15,547.12,39.06,20.33
2021-04-19 13:05:00,547.485,548.13,547.485,548.04,547.31,547.43,54.39,22.01
2021-04-19 13:10:00,548.04,549.27,547.915,548.495,547.53,547.78,72.76,28.06
2021-04-19 13:15:00,548.495,548.73,547.81,548.09,547.63,547.88,68.45,34.76
2021-04-19 13:20:00,548.09,549.255,548.025,549.145,547.91,548.3,96.66,43.08
2021-04-19 13:25:00,549.145,549.78,548.32,548.53,548.02,548.38,70.59,55.26
2021-04-19 13:30:00,548.53,550.055,548.53,549.86,548.35,548.87,95.69,62.3
2021-04-19 13:35:00,549.86,550.805,549.81,550.475,548.74,549.4,93.74,71.09
2021-04-19 13:40:00,550.475,550.925,550.255,550.525,549.06,549.78,92.59,78.9
2021-04-19 13:45:00,550.525,551.105,550.315,550.94,549.4,550.17,97.04,84.35
2021-04-19 13:50:00,550.94,551.285,550.415,550.475,549.6,550.27,85.81,87.82
2021-04-19 13:55:00,550.475,551.415,550.435,550.72,549.8,550.42,88.1,90.3
2021-04-19 14:00:00,550.72,551.515,550.42,550.925,550.0,550.59,90.07,89.08
2021-04-19 14:05:00,550.925,551.45,549.705,550.075,550.01,550.42,75.76,91.86
2021-04-19 14:10:00,550.075,550.83,550.025,550.46,550.09,550.43,82.24,89.02
2021-04-19 14:15:00,550.46,551.89,550.46,551.77,550.4,550.88,98.1,87.37
2021-04-19 14:20:00,551.77,553.695,551.095,553.26,550.92,551.67,94.64,88.16
2021-04-19 14:25:00,553.26,553.72,552.325,552.445,551.2,551.93,84.18,87.82
2021-04-19 14:30:00,552.445,552.73,551.61,551.61,551.27,551.82,72.18,87.58
2021-04-19 14:35:00,551.61,551.635,550.845,551.46,551.3,551.7,68.12,85.31
2021-04-19 14:40:00,551.46,553.335,551.39,552.345,551.49,551.92,79.69,82.17
2021-04-19 14:45:00,552.345,553.54,552.285,553.51,551.86,552.45,96.63,82.74
2021-04-19 14:50:00,553.51,553.665,552.48,553.04,552.07,552.65,88.49,84.79
2021-04-19 14:55:00,553.04,553.725,552.625,552.695,552.18,552.66,82.59,83.42
2021-04-19 15:00:00,552.695,552.995,551.675,552.18,552.18,552.5,72.89,81.7
2021-04-19 15:05:00,552.18,553.4,552.175,552.48,552.23,552.49,76.97,80.08
2021-04-19 15:10:00,552.48,553.4,552.355,552.455,552.27,552.48,75.55,80.77
2021-04-19 15:15:00,552.455,553.435,552.38,552.86,552.38,552.61,78.48,81.83
2021-04-19 15:20:00,552.86,552.93,551.57,552.42,552.39,552.55,67.54,81.66
2021-04-19 15:25:00,552.42,552.885,551.79,552.145,552.35,552.42,60.7,77.5
2021-04-19 15:30:00,552.145,553.18,552.135,552.75,552.42,552.53,75.75,73.53
2021-04-19 15:35:00,552.75,553.475,551.8,552.265,552.39,552.44,63.68,72.55
2021-04-19 15:40:00,552.265,553.42,552.16,552.665,552.44,552.52,73.63,71.24
2021-04-19 15:45:00,552.665,552.83,552.195,552.285,552.41,552.44,64.18,70.76
2021-04-19 15:50:00,552.285,553.44,551.845,552.97,552.51,552.62,79.59,69.14
2021-04-19 15:55:00,552.97,554.635,552.9,554.63,552.9,553.29,99.88,69.3
2021-04-20 09:30:00,553.965,563.45,553.505,558.655,553.95,555.08,61.96,73.92
2021-04-20 09:35:00,558.655,560.785,555.75,557.125,554.53,555.76,49.82,74.1
2021-04-20 09:40:00,557.125,557.745,554.39,556.82,554.95,556.11,47.4,70.39
2021-04-20 09:45:00,556.82,558.91,556.445,558.2,555.54,556.81,58.35,68.07
2021-04-20 09:50:00,558.2,562.795,557.585,560.545,556.45,558.05,75.91,65.88
2021-04-20 09:55:00,560.545,561.35,559.375,559.76,557.05,558.62,68.94,67.56
2021-04-20 10:00:00,559.76,560.315,556.96,557.08,557.06,558.11,46.38,66.04
2021-04-20 10:05:00,557.08,558.11,555.885,556.075,556.88,557.43,37.92,58.39
2021-04-20 10:10:00,556.075,556.17,554.325,554.38,556.43,556.41,23.65,54.96
2021-04-20 10:15:00,554.38,555.76,554.2,555.065,556.18,555.96,29.42,51.22
2021-04-20 10:20:00,555.065,556.25,554.64,554.74,555.92,555.55,26.68,48.65
2021-04-20 10:25:00,554.74,554.85,552.095,553.34,555.45,554.81,14.9,44.13
2021-04-20 10:30:00,553.34,553.34,550.87,551.14,554.67,553.59,2.15,35.41
2021-04-20 10:35:00,551.14,552.915,550.365,552.13,554.21,553.1,13.49,25.87
2021-04-20 10:40:00,552.13,552.13,549.575,549.9,553.43,552.03,2.34,21.17
2021-04-20 10:45:00,549.9,550.915,549.705,549.805,552.77,551.29,1.66,16.09
2021-04-20 10:50:00,549.805,549.815,547.88,548.98,552.08,550.52,7.06,12.95
2021-04-20 10:55:00,548.98,550.625,548.77,549.65,551.64,550.23,11.37,9.75
2021-04-20 11:00:00,549.65,550.035,548.39,549.24,551.2,549.9,8.73,7.57
2021-04-20 11:05:00,549.24,549.41,548.65,549.34,550.86,549.71,9.38,6.69
2021-04-20 11:10:00,549.34,549.78,548.635,549.775,550.66,549.73,12.17,7.72
2021-04-20 11:15:00,549.775,549.9,546.965,546.965,549.99,548.81,0.0,7.53
2021-04-20 11:20:00,546.965,548.375,546.53,547.98,549.62,548.53,8.91,7.2
2021-04-20 11:25:00,547.98,549.55,547.98,548.75,549.46,548.6,13.65,8.23
2021-04-20 11:30:00,548.75,549.855,548.335,548.64,549.31,548.61,12.97,9.17
2021-04-20 11:35:00,548.64,549.66,547.965,549.545,549.35,548.92,20.34,9.4
2021-04-20 11:40:00,549.545,550.51,549.145,549.59,549.39,549.14,22.2,11.06
2021-04-20 11:45:00,549.59,550.91,549.07,549.655,549.44,549.31,26.99,12.89
2021-04-20 11:50:00,549.655,549.715,548.805,549.605,549.47,549.41,31.64,15.01
2021-04-20 11:55:00,549.605,549.605,548.42,548.545,549.3,549.12,20.73,19.53
2021-04-20 12:00:00,548.545,549.0,547.97,548.855,549.22,549.03,23.92,21.22
2021-04-20 12:05:00,548.855,548.855,547.47,547.78,548.96,548.61,15.02,22.68
2021-04-20 12:10:00,547.78,548.235,547.2,547.48,548.69,548.23,13.95,22.98
2021-04-20 12:15:00,547.48,548.725,546.855,548.2,548.6,548.22,26.16,22.06
2021-04-20 12:20:00,548.2,549.245,548.12,548.57,548.59,548.34,36.43,22.63
2021-04-20 12:25:00,548.57,548.665,547.89,548.06,548.49,548.25,34.89,23.98
2021-04-20 12:30:00,548.06,549.835,547.995,548.645,548.52,548.38,48.29,24.44
2021-04-20 12:35:00,548.645,549.835,548.205,548.78,548.57,548.51,51.37,28.38
2021-04-20 12:40:00,548.78,548.78,546.84,547.0,548.28,548.01,10.73,32.3
2021-04-20 12:45:00,547.0,547.685,546.425,546.895,548.03,547.64,10.48,31.69
2021-04-20 12:50:00,546.895,547.83,546.505,547.435,547.92,547.57,22.52,31.19
2021-04-20 12:55:00,547.435,547.885,547.07,547.825,547.9,547.66,31.22,30.67
2021-04-20 13:00:00,547.825,548.5,547.63,548.245,547.96,547.86,40.58,29.93
2021-04-20 13:05:00,548.245,549.405,548.155,549.37,548.22,548.36,65.66,30.74
2021-04-20 13:10:00,549.37,549.475,548.69,549.055,548.37,548.59,58.64,33.22
2021-04-20 13:15:00,549.055,549.495,548.725,549.13,548.51,548.77,60.31,34.26
2021-04-20 13:20:00,549.13,549.68,548.755,549.565,548.7,549.04,70.01,41.34
2021-04-20 13:25:00,549.565,549.86,549.37,549.825,548.9,549.3,75.81,49.85
2021-04-20 13:30:00,549.825,550.235,549.59,549.67,549.04,549.42,85.17,57.46
2021-04-20 13:35:00,549.67,551.06,549.58,551.015,549.4,549.95,99.03,65.17
2021-04-20 13:40:00,551.015,552.11,550.675,551.53,549.79,550.48,89.8,73.52
2021-04-20 13:45:00,551.53,553.965,551.525,553.405,550.45,551.46,92.57,76.97
2021-04-20 13:50:00,553.405,554.91,552.96,553.995,551.09,552.31,89.22,81.81
2021-04-20 13:55:00,553.995,555.305,553.955,555.135,551.83,553.25,98.09,85.94
2021-04-20 14:00:00,555.135,555.3,554.19,554.2,552.26,553.57,87.56,89.96
2021-04-20 14:05:00,554.2,554.375,552.79,553.215,552.43,553.45,76.46,91.63
2021-04-20 14:10:00,553.215,553.22,551.75,551.76,552.31,552.89,60.08,90.39
2021-04-20 14:15:00,551.76,552.07,550.82,550.9,552.05,552.23,50.39,84.83
2021-04-20 14:20:00,550.9,551.84,550.9,551.745,551.99,552.07,59.91,79.2
2021-04-20 14:25:00,551.745,552.375,551.2,552.1,552.01,552.08,63.91,74.53
2021-04-20 14:30:00,552.1,552.145,551.005,551.025,551.83,551.73,51.36,70.91
2021-04-20 14:35:00,551.025,551.165,550.465,550.81,551.64,551.42,45.42,64.24
2021-04-20 14:40:00,550.81,551.5,550.61,551.145,551.55,551.33,45.8,58.22
2021-04-20 14:45:00,551.145,551.505,549.435,550.155,551.3,550.94,27.97,53.84
2021-04-20 14:50:00,550.155,550.275,548.63,548.865,550.86,550.25,3.52,49.25
2021-04-20 14:55:00,548.865,548.88,547.645,547.85,550.31,549.45,2.68,42.56
2021-04-20 15:00:00,547.85,549.86,547.72,549.61,550.18,549.5,25.65,34.38
2021-04-20 15:05:00,549.61,550.42,549.26,550.375,550.22,549.79,35.64,28.91
2021-04-20 15:10:00,550.375,551.16,549.965,551.16,550.39,550.25,45.89,26.67
2021-04-20 15:15:00,551.16,551.73,550.455,551.655,550.62,550.72,52.35,26.74
2021-04-20 15:20:00,551.655,551.885,550.065,550.125,550.53,550.52,32.38,27.67
2021-04-20 15:25:00,550.125,550.645,549.635,550.225,550.47,550.42,33.68,28.3
2021-04-20 15:30:00,550.225,551.88,550.215,550.78,550.53,550.54,40.93,32.61
2021-04-20 15:35:00,550.78,552.295,550.78,551.88,550.78,550.99,55.29,38.07
2021-04-20 15:40:00,551.88,552.685,551.515,552.29,551.05,551.42,60.68,42.31
2021-04-20 15:45:00,552.29,552.565,550.535,550.975,551.04,551.27,49.48,45.89
2021-04-20 15:50:00,550.975,550.975,549.415,549.85,550.82,550.8,39.55,46.4
2021-04-20 15:55:00,549.85,549.855,549.045,549.775,550.63,550.46,42.26,44.57
2021-04-21 09:30:00,507.8,511.485,503.675,510.45,543.32,537.12,13.82,45.98
2021-04-21 09:35:00,510.45,514.89,506.785,512.43,537.7,528.89,17.86,43.14
2021-04-21 09:40:00,512.43,513.29,507.14,511.775,532.99,523.18,16.53,39.85
2021-04-21 09:45:00,511.775,512.27,506.985,507.885,528.43,518.08,8.59,34.31
2021-04-21 09:50:00,507.885,510.215,506.23,508.85,524.87,515.0,10.56,26.87
2021-04-21 09:55:00,508.85,512.055,504.11,510.54,522.26,513.51,14.01,21.31
2021-04-21 10:00:00,510.54,511.61,507.78,508.32,519.73,511.78,9.48,17.66
2021-04-21 10:05:00,508.32,509.62,506.715,507.12,517.44,510.23,7.03,12.98
2021-04-21 10:10:00,507.12,509.39,505.565,507.645,515.66,509.37,8.1,12.01
2021-04-21 10:15:00,507.645,508.515,505.695,505.945,513.89,508.23,4.63,10.61
2021-04-21 10:20:00,505.945,507.295,504.67,506.165,512.49,507.54,5.08,8.91
2021-04-21 10:25:00,506.165,509.64,505.675,507.825,511.64,507.64,8.47,8.41
2021-04-21 10:30:00,507.825,509.11,505.355,509.07,511.17,508.12,11.01,8.11
2021-04-21 10:35:00,509.07,510.775,508.685,509.73,510.91,508.66,12.35,7.69
2021-04-21 10:40:00,509.73,509.98,507.745,508.045,510.39,508.46,8.92,8.1
2021-04-21 10:45:00,508.045,509.63,507.39,509.31,510.19,508.74,11.5,8.37
2021-04-21 10:50:00,509.31,509.845,507.51,507.8,509.76,508.43,8.42,8.85
2021-04-21 10:55:00,507.8,508.07,506.19,507.08,509.27,507.98,6.96,9.39
2021-04-21 11:00:00,507.08,507.425,505.605,507.1,508.88,507.69,7.24,9.66
2021-04-21 11:05:00,507.1,508.41,506.77,508.055,508.73,507.81,9.48,9.49
2021-04-21 11:10:00,508.055,509.635,507.525,508.975,508.77,508.2,47.26,9.27
2021-04-21 11:15:00,508.975,511.385,508.675,509.05,508.82,508.48,45.83,14.25
2021-04-21 11:20:00,509.05,509.055,506.39,507.08,508.5,508.01,32.35,19.53
2021-04-21 11:25:00,507.08,511.13,506.985,509.39,508.66,508.47,64.71,22.51
2021-04-21 11:30:00,509.39,510.335,508.63,510.275,508.95,509.07,77.6,30.55
2021-04-21 11:35:00,510.275,512.5,510.225,511.09,509.34,509.74,83.19,40.64
2021-04-21 11:40:00,511.09,511.605,510.09,510.855,509.62,510.11,78.99,51.49
2021-04-21 11:45:00,510.855,511.49,510.12,510.73,509.82,510.32,77.39,61.42
2021-04-21 11:50:00,510.73,513.365,510.14,513.125,510.42,511.26,97.24,65.72
2021-04-21 11:55:00,513.125,515.33,512.935,514.695,511.2,512.4,94.04,73.07
2021-04-21 12:00:00,514.695,515.02,513.82,514.395,511.78,513.06,91.23,81.88
2021-04-21 12:05:00,514.395,515.005,513.13,513.13,512.03,513.08,77.94,85.67
2021-04-21 12:10:00,513.13,513.675,511.48,512.625,512.14,512.93,72.88,85.72
2021-04-21 12:15:00,512.625,513.045,511.765,512.545,512.21,512.8,71.36,84.24
2021-04-21 12:20:00,512.545,512.75,511.595,512.36,512.24,512.65,69.46,83.15
2021-04-21 12:25:00,512.36,512.6,510.64,510.955,512.01,512.08,55.01,82.02
2021-04-21 12:30:00,510.955,511.25,510.325,510.455,511.73,511.54,49.87,75.99
2021-04-21 12:35:00,510.455,510.585,509.68,509.7,511.36,510.93,42.11,69.68
2021-04-21 12:40:00,509.7,510.315,509.115,509.98,511.11,510.61,44.99,62.66
2021-04-21 12:45:00,509.98,510.095,509.355,510.06,510.92,510.43,41.05,57.95
2021-04-21 12:50:00,510.06,510.88,509.585,509.62,510.68,510.16,36.13,53.41
2021-04-21 12:55:00,509.62,510.405,508.695,510.215,510.6,510.18,42.79,48.37
2021-04-21 13:00:00,510.215,510.78,509.27,510.685,510.62,510.35,48.04,44.56
2021-04-21 13:05:00,510.685,511.59,510.43,511.415,510.76,510.71,53.09,43.57
2021-04-21 13:10:00,511.415,512.105,510.24,510.43,510.7,510.62,26.87,44.03
2021-04-21 13:15:00,510.43,510.85,509.875,510.68,510.7,510.64,29.92,41.85
2021-04-21 13:20:00,510.68,511.44,510.665,511.31,510.81,510.86,39.41,39.7
2021-04-21 13:25:00,511.31,512.24,511.23,511.3,510.9,511.01,39.26,39.46
2021-04-21 13:30:00,511.3,512.145,510.975,511.835,511.07,511.28,47.32,39.91
2021-04-21 13:35:00,511.835,513.685,511.72,513.16,511.45,511.91,67.29,40.56
2021-04-21 13:40:00,513.16,513.31,512.28,512.775,511.69,512.2,64.51,43.31
2021-04-21 13:45:00,512.775,513.455,512.02,512.275,511.8,512.22,56.74,44.94
2021-04-21 13:50:00,512.275,512.745,511.895,512.025,511.84,512.16,66.73,49.21
2021-04-21 13:55:00,512.025,512.26,511.63,511.745,511.82,512.02,61.12,54.47
2021-04-21 14:00:00,511.745,512.295,511.36,511.36,511.74,511.8,53.41,57.57
2021-04-21 14:05:00,511.36,511.36,510.29,510.71,511.55,511.44,40.38,59.59
2021-04-21 14:10:00,510.71,511.38,510.1,511.335,511.51,511.4,52.91,58.6
2021-04-21 14:15:00,511.335,511.81,510.365,510.365,511.3,511.06,33.47,56.54
2021-04-21 14:20:00,510.365,510.89,510.135,510.63,511.18,510.92,38.78,52.11
2021-04-21 14:25:00,510.63,511.395,510.59,511.025,511.15,510.96,46.69,49.54
2021-04-21 14:30:00,511.025,511.075,510.01,510.15,510.97,510.69,29.16,46.68
2021-04-21 14:35:00,510.15,510.15,509.55,509.75,510.75,510.38,21.14,42.11
2021-04-21 14:40:00,509.75,510.045,509.045,509.13,510.46,509.96,1.83,37.5
2021-04-21 14:45:00,509.13,509.755,508.83,509.725,510.33,509.88,18.43,32.0
2021-04-21 14:50:00,509.725,509.815,508.975,509.39,510.16,509.72,11.53,27.07
2021-04-21 14:55:00,509.39,509.39,507.97,508.04,509.77,509.16,1.22,23.94
2021-04-21 15:00:00,508.04,508.045,507.385,507.63,509.38,508.65,3.89,18.57
2021-04-21 15:05:00,507.63,507.785,506.655,507.235,508.99,508.18,8.25,12.46
2021-04-21 15:10:00,507.235,507.47,506.58,506.75,508.58,507.7,2.39,9.47
2021-04-21 15:15:00,506.75,506.75,505.56,506.085,508.13,507.16,6.46,6.79
2021-04-21 15:20:00,506.085,506.275,505.655,506.27,507.79,506.86,8.99,7.45
2021-04-21 15:25:00,506.27,508.31,506.27,507.975,507.82,507.23,30.59,6.1
2021-04-21 15:30:00,507.975,508.0,507.355,507.655,507.79,507.37,29.16,8.83
2021-04-21 15:35:00,507.655,507.905,507.08,507.165,507.68,507.3,23.83,12.82
2021-04-21 15:40:00,507.165,507.675,506.565,507.63,507.67,507.41,30.73,15.67
2021-04-21 15:45:00,507.63,507.915,507.17,507.89,507.71,507.57,37.28,18.88
2021-04-21 15:50:00,507.89,509.835,507.825,509.565,508.05,508.24,64.08,23.86
2021-04-21 15:55:00,509.565,509.965,508.12,508.815,508.19,508.43,52.08,32.09
2021-04-22 09:30:00,513.945,513.945,509.875,510.45,508.6,509.1,58.32,38.25
2021-04-22 09:35:00,510.45,510.75,507.945,509.6,508.78,509.27,48.18,42.21
2021-04-22 09:40:00,509.6,509.62,506.655,507.43,508.53,508.66,22.3,44.93
2021-04-22 09:45:00,507.43,509.485,507.105,507.97,508.43,508.43,28.74,44.71
2021-04-22 09:50:00,507.97,508.59,506.425,507.095,508.19,507.98,18.31,44.43
2021-04-22 09:55:00,507.095,508.245,506.61,507.36,508.04,507.77,21.47,41.72
2021-04-22 10:00:00,507.36,507.38,505.45,506.635,507.78,507.39,13.95,35.63
2021-04-22 10:05:00,506.635,506.93,505.955,506.565,507.56,507.12,13.13,30.18
2021-04-22 10:10:00,506.565,506.625,505.46,505.77,507.23,506.67,3.77,23.73
2021-04-22 10:15:00,505.77,505.78,502.92,503.03,506.47,505.46,1.0,17.38
2021-04-22 10:20:00,503.03,505.21,502.95,504.495,506.11,505.14,14.29,14.34
2021-04-22 10:25:00,504.495,504.995,504.135,504.945,505.9,505.08,18.37,12.27
2021-04-22 10:30:00,504.945,505.5,504.145,504.805,505.7,504.99,17.1,12.28
2021-04-22 10:35:00,504.805,505.93,503.33,504.085,505.41,504.69,10.57,11.66
2021-04-22 10:40:00,504.085,504.195,502.53,502.93,504.96,504.1,3.5,11.18
2021-04-22 10:45:00,502.93,504.19,502.925,503.3,504.66,503.83,6.75,9.8
2021-04-22 10:50:00,503.3,503.375,502.72,502.785,504.32,503.48,2.23,10.23
2021-04-22 10:55:00,502.785,502.79,500.78,501.59,503.82,502.85,6.15,10.4
2021-04-22 11:00:00,501.59,502.025,501.07,501.165,503.34,502.29,2.92,9.24
2021-04-22 11:05:00,501.165,502.395,501.16,501.655,503.03,502.08,6.65,7.03
2021-04-22 11:10:00,501.655,501.88,500.595,501.83,502.81,502.0,9.25,5.54
2021-04-22 11:15:00,501.83,502.44,501.34,501.955,502.65,501.98,13.39,5.35
2021-04-22 11:20:00,501.955,503.92,501.84,503.03,502.72,502.33,26.98,6.76
2021-04-22 11:25:00,503.03,503.88,502.905,502.975,502.77,502.54,26.77,9.65
2021-04-22 11:30:00,502.975,503.835,502.555,503.49,502.9,502.86,36.21,13.16
2021-04-22 11:35:00,503.49,504.67,503.345,503.71,503.05,503.14,40.72,17.45
2021-04-22 11:40:00,503.71,504.615,503.71,504.29,503.28,503.52,54.46,22.85
2021-04-22 11:45:00,504.29,504.66,503.75,503.76,503.37,503.6,49.96,29.68
2021-04-22 11:50:00,503.76,504.325,502.045,502.24,503.16,503.15,27.28,35.5
2021-04-22 11:55:00,502.24,502.47,501.825,501.97,502.94,502.76,25.77,37.48
2021-04-22 12:00:00,501.97,502.14,501.52,501.825,502.74,502.45,23.06,37.31
2021-04-22 12:05:00,501.825,502.315,501.195,501.275,502.47,502.06,12.75,36.78
2021-04-22 12:10:00,501.275,501.805,500.745,501.1,502.22,501.74,9.47,33.43
2021-04-22 12:15:00,501.1,501.355,500.795,501.2,502.03,501.56,11.34,28.96
2021-04-22 12:20:00,501.2,503.705,501.115,503.2,502.24,502.11,63.93,22.8
2021-04-22 12:25:00,503.2,503.2,501.745,502.22,502.24,502.15,39.88,24.8
2021-04-22 12:30:00,502.22,502.915,501.325,501.615,502.13,501.97,25.03,26.6
2021-04-22 12:35:00,501.615,503.155,501.165,502.78,502.25,502.24,53.62,26.49
2021-04-22 12:40:00,502.78,503.14,502.2,502.275,502.25,502.25,41.23,30.86
2021-04-22 12:45:00,502.275,502.54,501.315,501.99,502.2,502.16,34.23,34.93
2021-04-22 12:50:00,501.99,502.1,501.42,501.825,502.13,502.05,30.18,38.47
2021-04-22 12:55:00,501.825,503.06,501.79,503.02,502.29,502.37,57.96,41.16
2021-04-22 13:00:00,503.02,505.465,503.02,505.43,502.86,503.39,99.26,40.3
2021-04-22 13:05:00,505.43,505.49,503.62,504.64,503.18,503.81,82.09,48.79
2021-04-22 13:10:00,504.64,504.73,503.145,503.815,503.3,503.81,64.7,56.94
2021-04-22 13:15:00,503.815,503.825,501.735,502.155,503.09,503.26,29.72,58.52
2021-04-22 13:20:00,502.155,505.175,502.015,505.165,503.47,503.9,93.15,56.88
2021-04-22 13:25:00,505.165,505.735,504.83,505.68,503.87,504.49,98.9,65.29
2021-04-22 13:30:00,505.68,505.72,504.1,504.87,504.05,504.62,82.67,75.11
2021-04-22 13:35:00,504.87,504.88,503.605,503.925,504.03,504.39,63.73,78.64
2021-04-22 13:40:00,503.925,504.295,503.44,503.9,504.01,504.23,63.23,73.57
2021-04-22 13:45:00,503.9,504.85,503.9,504.765,504.15,504.41,80.56,70.87
2021-04-22 13:50:00,504.765,505.455,504.025,504.075,504.14,504.3,66.73,73.14
2021-04-22 13:55:00,504.075,505.185,503.2,505.135,504.32,504.58,87.85,78.42
2021-04-22 14:00:00,505.135,505.325,503.625,504.33,504.32,504.5,69.59,77.67
2021-04-22 14:05:00,504.33,505.545,504.1,505.215,504.48,504.74,88.62,73.48
2021-04-22 14:10:00,505.215,505.525,504.385,505.31,504.63,504.93,90.7,74.33
2021-04-22 14:15:00,505.31,505.37,503.585,504.07,504.53,504.64,63.57,78.18
2021-04-22 14:20:00,504.07,504.4,503.215,503.41,504.33,504.23,47.4,78.23
2021-04-22 14:25:00,503.41,503.85,502.875,503.44,504.17,503.97,48.08,73.49
2021-04-22 14:30:00,503.44,503.47,502.55,502.94,503.95,503.63,35.23,70.83
2021-04-22 14:35:00,502.94,503.89,502.6,503.48,503.86,503.58,43.63,63.31
2021-04-22 14:40:00,503.48,504.14,503.315,503.935,503.87,503.7,55.0,59.6
2021-04-22 14:45:00,503.935,504.19,503.235,503.31,503.77,503.57,39.37,54.8
2021-04-22 14:50:00,503.31,503.515,502.62,503.08,503.64,503.41,33.62,47.47
2021-04-22 14:55:00,503.08,504.27,503.075,503.265,503.57,503.36,38.25,43.19
2021-04-22 15:00:00,503.265,504.225,503.055,504.02,503.65,503.58,53.9,41.88
2021-04-22 15:05:00,504.02,504.27,503.375,503.52,503.63,503.56,30.46,42.71
2021-04-22 15:10:00,503.52,504.395,503.515,504.055,503.71,503.72,47.48,42.03
2021-04-22 15:15:00,504.055,504.245,503.605,504.205,503.8,503.88,55.26,42.58
2021-04-22 15:20:00,504.205,504.29,502.765,502.955,503.65,503.57,13.52,42.62
2021-04-22 15:25:00,502.955,503.315,502.715,503.16,503.56,503.43,20.37,38.93
2021-04-22 15:30:00,503.16,504.005,503.01,503.95,503.63,503.6,46.74,37.03
2021-04-22 15:35:00,503.95,505.145,503.585,505.095,503.9,504.1,84.97,38.25
2021-04-22 15:40:00,505.095,505.42,504.465,504.93,504.09,504.38,79.47,42.69
2021-04-22 15:45:00,504.93,506.44,504.93,506.395,504.51,505.05,98.84,49.69
2021-04-22 15:50:00,506.395,507.055,506.28,506.565,504.88,505.56,89.12,57.02
